code_district,tranche,sexe,effectif,libelle_tranche
1101,0,1.0,26660,0-4
1101,0,2.0,25900,0-4
1101,1,1.0,23580,5-9
1101,1,2.0,23200,5-9
1101,2,1.0,25780,10-14
1101,2,2.0,25290,10-14
1101,3,1.0,26020,15-19
1101,3,2.0,28240,15-19
1101,4,1.0,22160,20-24
1101,4,2.0,22230,20-24
1101,5,1.0,18160,25-29
1101,5,2.0,19740,25-29
1101,6,1.0,14290,30-34
1101,6,2.0,15150,30-34
1101,7,1.0,15360,35-39
1101,7,2.0,16240,35-39
1101,8,1.0,13570,40-44
1101,8,2.0,12990,40-44
1101,9,1.0,10050,45-49
1101,9,2.0,10040,45-49
1101,10,1.0,8500,50-54
1101,10,2.0,8110,50-54
1101,11,1.0,6990,55-59
1101,11,2.0,6240,55-59
1101,12,1.0,4860,60-64
1101,12,2.0,5440,60-64
1101,13,1.0,3430,65-69
1101,13,2.0,3750,65-69
1101,14,1.0,1600,70-74
1101,14,2.0,1720,70-74
1101,15,1.0,1090,75-79
1101,15,2.0,1070,75-79
1101,16,1.0,710,80+
1101,16,2.0,1130,80+
1102,0,1.0,12790,0-4
1102,0,2.0,12370,0-4
1102,1,1.0,12280,5-9
1102,1,2.0,11650,5-9
1102,2,1.0,11850,10-14
1102,2,2.0,12260,10-14
1102,3,1.0,9090,15-19
1102,3,2.0,9330,15-19
1102,4,1.0,5970,20-24
1102,4,2.0,6840,20-24
1102,5,1.0,5410,25-29
1102,5,2.0,6330,25-29
1102,6,1.0,4760,30-34
1102,6,2.0,4700,30-34
1102,7,1.0,4760,35-39
1102,7,2.0,5150,35-39
1102,8,1.0,4210,40-44
1102,8,2.0,4250,40-44
1102,9,1.0,3680,45-49
1102,9,2.0,3720,45-49
1102,10,1.0,2850,50-54
1102,10,2.0,3370,50-54
1102,11,1.0,2880,55-59
1102,11,2.0,2620,55-59
1102,12,1.0,2230,60-64
1102,12,2.0,2390,60-64
1102,13,1.0,1560,65-69
1102,13,2.0,1490,65-69
1102,14,1.0,880,70-74
1102,14,2.0,780,70-74
1102,15,1.0,370,75-79
1102,15,2.0,420,75-79
1102,16,1.0,530,80+
1102,16,2.0,620,80+
1103,0,1.0,16870,0-4
1103,0,2.0,16540,0-4
1103,1,1.0,14830,5-9
1103,1,2.0,15340,5-9
1103,2,1.0,15720,10-14
1103,2,2.0,15090,10-14
1103,3,1.0,13480,15-19
1103,3,2.0,12590,15-19
1103,4,1.0,10350,20-24
1103,4,2.0,10890,20-24
1103,5,1.0,8160,25-29
1103,5,2.0,7750,25-29
1103,6,1.0,6260,30-34
1103,6,2.0,5930,30-34
1103,7,1.0,5850,35-39
1103,7,2.0,6070,35-39
1103,8,1.0,5940,40-44
1103,8,2.0,5430,40-44
1103,9,1.0,4700,45-49
1103,9,2.0,4730,45-49
1103,10,1.0,3790,50-54
1103,10,2.0,3700,50-54
1103,11,1.0,2870,55-59
1103,11,2.0,2940,55-59
1103,12,1.0,2480,60-64
1103,12,2.0,2330,60-64
1103,13,1.0,1450,65-69
1103,13,2.0,1330,65-69
1103,14,1.0,760,70-74
1103,14,2.0,620,70-74
1103,15,1.0,510,75-79
1103,15,2.0,470,75-79
1103,16,1.0,440,80+
1103,16,2.0,470,80+
1104,0,1.0,13790,0-4
1104,0,2.0,14250,0-4
1104,1,1.0,13230,5-9
1104,1,2.0,12600,5-9
1104,2,1.0,13460,10-14
1104,2,2.0,12020,10-14
1104,3,1.0,11260,15-19
1104,3,2.0,11440,15-19
1104,4,1.0,8390,20-24
1104,4,2.0,8360,20-24
1104,5,1.0,6750,25-29
1104,5,2.0,7210,25-29
1104,6,1.0,5490,30-34
1104,6,2.0,4980,30-34
1104,7,1.0,5030,35-39
1104,7,2.0,4660,35-39
1104,8,1.0,4540,40-44
1104,8,2.0,4290,40-44
1104,9,1.0,3660,45-49
1104,9,2.0,3420,45-49
1104,10,1.0,2490,50-54
1104,10,2.0,2500,50-54
1104,11,1.0,2210,55-59
1104,11,2.0,1900,55-59
1104,12,1.0,1860,60-64
1104,12,2.0,1370,60-64
1104,13,1.0,940,65-69
1104,13,2.0,1030,65-69
1104,14,1.0,480,70-74
1104,14,2.0,380,70-74
1104,15,1.0,240,75-79
1104,15,2.0,380,75-79
1104,16,1.0,260,80+
1104,16,2.0,310,80+
1105,0,1.0,38860,0-4
1105,0,2.0,36720,0-4
1105,1,1.0,33760,5-9
1105,1,2.0,32940,5-9
1105,2,1.0,34650,10-14
1105,2,2.0,35920,10-14
1105,3,1.0,37230,15-19
1105,3,2.0,40660,15-19
1105,4,1.0,32450,20-24
1105,4,2.0,35420,20-24
1105,5,1.0,29690,25-29
1105,5,2.0,30020,25-29
1105,6,1.0,21290,30-34
1105,6,2.0,22240,30-34
1105,7,1.0,20400,35-39
1105,7,2.0,22430,35-39
1105,8,1.0,18470,40-44
1105,8,2.0,18680,40-44
1105,9,1.0,14700,45-49
1105,9,2.0,14070,45-49
1105,10,1.0,10370,50-54
1105,10,2.0,11150,50-54
1105,11,1.0,8810,55-59
1105,11,2.0,9350,55-59
1105,12,1.0,7150,60-64
1105,12,2.0,7460,60-64
1105,13,1.0,4020,65-69
1105,13,2.0,4950,65-69
1105,14,1.0,1840,70-74
1105,14,2.0,2710,70-74
1105,15,1.0,1120,75-79
1105,15,2.0,1490,75-79
1105,16,1.0,1250,80+
1105,16,2.0,1540,80+
1106,0,1.0,25740,0-4
1106,0,2.0,24520,0-4
1106,1,1.0,23330,5-9
1106,1,2.0,23620,5-9
1106,2,1.0,24650,10-14
1106,2,2.0,24950,10-14
1106,3,1.0,26210,15-19
1106,3,2.0,27970,15-19
1106,4,1.0,21320,20-24
1106,4,2.0,23470,20-24
1106,5,1.0,19070,25-29
1106,5,2.0,20150,25-29
1106,6,1.0,15210,30-34
1106,6,2.0,15250,30-34
1106,7,1.0,15150,35-39
1106,7,2.0,15470,35-39
1106,8,1.0,13460,40-44
1106,8,2.0,13350,40-44
1106,9,1.0,10760,45-49
1106,9,2.0,11040,45-49
1106,10,1.0,8380,50-54
1106,10,2.0,8770,50-54
1106,11,1.0,6900,55-59
1106,11,2.0,6850,55-59
1106,12,1.0,5400,60-64
1106,12,2.0,5820,60-64
1106,13,1.0,3930,65-69
1106,13,2.0,4240,65-69
1106,14,1.0,1940,70-74
1106,14,2.0,1870,70-74
1106,15,1.0,1050,75-79
1106,15,2.0,1120,75-79
1106,16,1.0,900,80+
1106,16,2.0,1270,80+
1107,0,1.0,11840,0-4
1107,0,2.0,12410,0-4
1107,1,1.0,10940,5-9
1107,1,2.0,11110,5-9
1107,2,1.0,11240,10-14
1107,2,2.0,11670,10-14
1107,3,1.0,13140,15-19
1107,3,2.0,15110,15-19
1107,4,1.0,12220,20-24
1107,4,2.0,13840,20-24
1107,5,1.0,10620,25-29
1107,5,2.0,10890,25-29
1107,6,1.0,7570,30-34
1107,6,2.0,8150,30-34
1107,7,1.0,7140,35-39
1107,7,2.0,7790,35-39
1107,8,1.0,6370,40-44
1107,8,2.0,6610,40-44
1107,9,1.0,4790,45-49
1107,9,2.0,5240,45-49
1107,10,1.0,4360,50-54
1107,10,2.0,4630,50-54
1107,11,1.0,2950,55-59
1107,11,2.0,3580,55-59
1107,12,1.0,2600,60-64
1107,12,2.0,3160,60-64
1107,13,1.0,1370,65-69
1107,13,2.0,1930,65-69
1107,14,1.0,750,70-74
1107,14,2.0,1110,70-74
1107,15,1.0,410,75-79
1107,15,2.0,670,75-79
1107,16,1.0,240,80+
1107,16,2.0,840,80+
1108,0,1.0,8980,0-4
1108,0,2.0,9360,0-4
1108,1,1.0,7920,5-9
1108,1,2.0,8400,5-9
1108,2,1.0,8540,10-14
1108,2,2.0,8560,10-14
1108,3,1.0,10990,15-19
1108,3,2.0,13000,15-19
1108,4,1.0,12830,20-24
1108,4,2.0,13510,20-24
1108,5,1.0,10180,25-29
1108,5,2.0,9860,25-29
1108,6,1.0,6950,30-34
1108,6,2.0,7270,30-34
1108,7,1.0,5850,35-39
1108,7,2.0,6590,35-39
1108,8,1.0,5010,40-44
1108,8,2.0,5500,40-44
1108,9,1.0,4170,45-49
1108,9,2.0,4780,45-49
1108,10,1.0,3390,50-54
1108,10,2.0,3560,50-54
1108,11,1.0,2700,55-59
1108,11,2.0,3120,55-59
1108,12,1.0,2040,60-64
1108,12,2.0,2880,60-64
1108,13,1.0,1400,65-69
1108,13,2.0,1680,65-69
1108,14,1.0,610,70-74
1108,14,2.0,940,70-74
1108,15,1.0,320,75-79
1108,15,2.0,580,75-79
1108,16,1.0,330,80+
1108,16,2.0,540,80+
1109,0,1.0,5270,0-4
1109,0,2.0,5590,0-4
1109,1,1.0,5540,5-9
1109,1,2.0,5560,5-9
1109,2,1.0,5540,10-14
1109,2,2.0,6120,10-14
1109,3,1.0,6770,15-19
1109,3,2.0,8200,15-19
1109,4,1.0,6400,20-24
1109,4,2.0,6940,20-24
1109,5,1.0,5290,25-29
1109,5,2.0,5520,25-29
1109,6,1.0,3760,30-34
1109,6,2.0,4240,30-34
1109,7,1.0,4030,35-39
1109,7,2.0,4470,35-39
1109,8,1.0,3630,40-44
1109,8,2.0,4070,40-44
1109,9,1.0,3440,45-49
1109,9,2.0,3950,45-49
1109,10,1.0,2830,50-54
1109,10,2.0,3210,50-54
1109,11,1.0,2350,55-59
1109,11,2.0,2550,55-59
1109,12,1.0,1780,60-64
1109,12,2.0,2110,60-64
1109,13,1.0,1150,65-69
1109,13,2.0,1160,65-69
1109,14,1.0,420,70-74
1109,14,2.0,960,70-74
1109,15,1.0,280,75-79
1109,15,2.0,470,75-79
1109,16,1.0,320,80+
1109,16,2.0,500,80+
1110,0,1.0,16980,0-4
1110,0,2.0,17160,0-4
1110,1,1.0,15550,5-9
1110,1,2.0,14430,5-9
1110,2,1.0,14360,10-14
1110,2,2.0,15460,10-14
1110,3,1.0,16640,15-19
1110,3,2.0,19940,15-19
1110,4,1.0,15100,20-24
1110,4,2.0,16690,20-24
1110,5,1.0,12940,25-29
1110,5,2.0,13620,25-29
1110,6,1.0,10680,30-34
1110,6,2.0,10830,30-34
1110,7,1.0,9850,35-39
1110,7,2.0,9740,35-39
1110,8,1.0,7620,40-44
1110,8,2.0,7440,40-44
1110,9,1.0,5780,45-49
1110,9,2.0,6480,45-49
1110,10,1.0,4430,50-54
1110,10,2.0,4960,50-54
1110,11,1.0,3370,55-59
1110,11,2.0,3780,55-59
1110,12,1.0,2330,60-64
1110,12,2.0,2930,60-64
1110,13,1.0,1330,65-69
1110,13,2.0,1990,65-69
1110,14,1.0,770,70-74
1110,14,2.0,980,70-74
1110,15,1.0,410,75-79
1110,15,2.0,510,75-79
1110,16,1.0,410,80+
1110,16,2.0,610,80+
1111,0,1.0,15240,0-4
1111,0,2.0,14920,0-4
1111,1,1.0,14000,5-9
1111,1,2.0,13860,5-9
1111,2,1.0,14550,10-14
1111,2,2.0,15300,10-14
1111,3,1.0,17110,15-19
1111,3,2.0,19400,15-19
1111,4,1.0,16370,20-24
1111,4,2.0,17250,20-24
1111,5,1.0,13620,25-29
1111,5,2.0,13660,25-29
1111,6,1.0,10610,30-34
1111,6,2.0,11630,30-34
1111,7,1.0,10060,35-39
1111,7,2.0,10750,35-39
1111,8,1.0,9000,40-44
1111,8,2.0,9380,40-44
1111,9,1.0,7960,45-49
1111,9,2.0,7940,45-49
1111,10,1.0,5590,50-54
1111,10,2.0,6720,50-54
1111,11,1.0,4440,55-59
1111,11,2.0,4710,55-59
1111,12,1.0,3740,60-64
1111,12,2.0,4440,60-64
1111,13,1.0,1990,65-69
1111,13,2.0,2560,65-69
1111,14,1.0,1140,70-74
1111,14,2.0,1450,70-74
1111,15,1.0,640,75-79
1111,15,2.0,930,75-79
1111,16,1.0,480,80+
1111,16,2.0,650,80+
1112,0,1.0,7590,0-4
1112,0,2.0,7060,0-4
1112,1,1.0,6500,5-9
1112,1,2.0,6310,5-9
1112,2,1.0,6810,10-14
1112,2,2.0,6920,10-14
1112,3,1.0,8070,15-19
1112,3,2.0,8640,15-19
1112,4,1.0,7080,20-24
1112,4,2.0,7320,20-24
1112,5,1.0,5940,25-29
1112,5,2.0,5960,25-29
1112,6,1.0,4430,30-34
1112,6,2.0,5000,30-34
1112,7,1.0,4760,35-39
1112,7,2.0,5380,35-39
1112,8,1.0,4340,40-44
1112,8,2.0,4910,40-44
1112,9,1.0,3860,45-49
1112,9,2.0,3170,45-49
1112,10,1.0,2350,50-54
1112,10,2.0,2890,50-54
1112,11,1.0,1980,55-59
1112,11,2.0,2130,55-59
1112,12,1.0,1740,60-64
1112,12,2.0,1760,60-64
1112,13,1.0,770,65-69
1112,13,2.0,1060,65-69
1112,14,1.0,450,70-74
1112,14,2.0,580,70-74
1112,15,1.0,240,75-79
1112,15,2.0,300,75-79
1112,16,1.0,290,80+
1112,16,2.0,390,80+
1113,0,1.0,13430,0-4
1113,0,2.0,14080,0-4
1113,1,1.0,13020,5-9
1113,1,2.0,12640,5-9
1113,2,1.0,14950,10-14
1113,2,2.0,13590,10-14
1113,3,1.0,11880,15-19
1113,3,2.0,11880,15-19
1113,4,1.0,8180,20-24
1113,4,2.0,8540,20-24
1113,5,1.0,7430,25-29
1113,5,2.0,7580,25-29
1113,6,1.0,5890,30-34
1113,6,2.0,6370,30-34
1113,7,1.0,6460,35-39
1113,7,2.0,6490,35-39
1113,8,1.0,5630,40-44
1113,8,2.0,5980,40-44
1113,9,1.0,5540,45-49
1113,9,2.0,5770,45-49
1113,10,1.0,4800,50-54
1113,10,2.0,4780,50-54
1113,11,1.0,4080,55-59
1113,11,2.0,3920,55-59
1113,12,1.0,3640,60-64
1113,12,2.0,3800,60-64
1113,13,1.0,2450,65-69
1113,13,2.0,2570,65-69
1113,14,1.0,1090,70-74
1113,14,2.0,1200,70-74
1113,15,1.0,830,75-79
1113,15,2.0,850,75-79
1113,16,1.0,900,80+
1113,16,2.0,1070,80+
1201,0,1.0,15530,0-4
1201,0,2.0,15840,0-4
1201,1,1.0,13740,5-9
1201,1,2.0,13130,5-9
1201,2,1.0,12100,10-14
1201,2,2.0,12300,10-14
1201,3,1.0,12190,15-19
1201,3,2.0,11650,15-19
1201,4,1.0,9220,20-24
1201,4,2.0,9250,20-24
1201,5,1.0,6930,25-29
1201,5,2.0,6230,25-29
1201,6,1.0,5170,30-34
1201,6,2.0,5070,30-34
1201,7,1.0,4880,35-39
1201,7,2.0,4600,35-39
1201,8,1.0,4170,40-44
1201,8,2.0,3820,40-44
1201,9,1.0,3120,45-49
1201,9,2.0,2820,45-49
1201,10,1.0,2660,50-54
1201,10,2.0,2200,50-54
1201,11,1.0,1780,55-59
1201,11,2.0,1590,55-59
1201,12,1.0,1470,60-64
1201,12,2.0,1330,60-64
1201,13,1.0,650,65-69
1201,13,2.0,540,65-69
1201,14,1.0,360,70-74
1201,14,2.0,420,70-74
1201,15,1.0,170,75-79
1201,15,2.0,230,75-79
1201,16,1.0,250,80+
1201,16,2.0,190,80+
1202,0,1.0,36780,0-4
1202,0,2.0,36550,0-4
1202,1,1.0,35070,5-9
1202,1,2.0,34110,5-9
1202,2,1.0,34640,10-14
1202,2,2.0,32200,10-14
1202,3,1.0,30920,15-19
1202,3,2.0,31250,15-19
1202,4,1.0,22640,20-24
1202,4,2.0,23570,20-24
1202,5,1.0,18590,25-29
1202,5,2.0,18180,25-29
1202,6,1.0,14070,30-34
1202,6,2.0,12860,30-34
1202,7,1.0,13970,35-39
1202,7,2.0,13050,35-39
1202,8,1.0,11610,40-44
1202,8,2.0,10600,40-44
1202,9,1.0,8780,45-49
1202,9,2.0,7620,45-49
1202,10,1.0,7230,50-54
1202,10,2.0,6640,50-54
1202,11,1.0,4950,55-59
1202,11,2.0,4130,55-59
1202,12,1.0,3940,60-64
1202,12,2.0,3320,60-64
1202,13,1.0,2170,65-69
1202,13,2.0,2380,65-69
1202,14,1.0,1130,70-74
1202,14,2.0,1000,70-74
1202,15,1.0,680,75-79
1202,15,2.0,540,75-79
1202,16,1.0,680,80+
1202,16,2.0,520,80+
1301,0,1.0,23880,0-4
1301,0,2.0,23320,0-4
1301,1,1.0,22030,5-9
1301,1,2.0,21500,5-9
1301,2,1.0,23240,10-14
1301,2,2.0,24250,10-14
1301,3,1.0,20280,15-19
1301,3,2.0,20490,15-19
1301,4,1.0,15270,20-24
1301,4,2.0,15200,20-24
1301,5,1.0,12960,25-29
1301,5,2.0,12890,25-29
1301,6,1.0,10130,30-34
1301,6,2.0,10350,30-34
1301,7,1.0,10250,35-39
1301,7,2.0,10240,35-39
1301,8,1.0,8700,40-44
1301,8,2.0,8790,40-44
1301,9,1.0,7190,45-49
1301,9,2.0,7110,45-49
1301,10,1.0,5430,50-54
1301,10,2.0,5910,50-54
1301,11,1.0,5090,55-59
1301,11,2.0,5150,55-59
1301,12,1.0,4800,60-64
1301,12,2.0,4330,60-64
1301,13,1.0,2670,65-69
1301,13,2.0,2770,65-69
1301,14,1.0,1360,70-74
1301,14,2.0,1470,70-74
1301,15,1.0,800,75-79
1301,15,2.0,980,75-79
1301,16,1.0,1000,80+
1301,16,2.0,1010,80+
1302,0,1.0,20860,0-4
1302,0,2.0,20470,0-4
1302,1,1.0,19070,5-9
1302,1,2.0,18860,5-9
1302,2,1.0,20030,10-14
1302,2,2.0,20320,10-14
1302,3,1.0,19010,15-19
1302,3,2.0,18590,15-19
1302,4,1.0,14410,20-24
1302,4,2.0,14200,20-24
1302,5,1.0,10580,25-29
1302,5,2.0,10680,25-29
1302,6,1.0,7730,30-34
1302,6,2.0,8010,30-34
1302,7,1.0,7820,35-39
1302,7,2.0,8300,35-39
1302,8,1.0,7340,40-44
1302,8,2.0,6770,40-44
1302,9,1.0,5740,45-49
1302,9,2.0,5270,45-49
1302,10,1.0,4460,50-54
1302,10,2.0,4460,50-54
1302,11,1.0,3290,55-59
1302,11,2.0,3050,55-59
1302,12,1.0,2890,60-64
1302,12,2.0,2710,60-64
1302,13,1.0,1760,65-69
1302,13,2.0,1470,65-69
1302,14,1.0,790,70-74
1302,14,2.0,950,70-74
1302,15,1.0,590,75-79
1302,15,2.0,570,75-79
1302,16,1.0,660,80+
1302,16,2.0,570,80+
1303,0,1.0,19410,0-4
1303,0,2.0,19470,0-4
1303,1,1.0,17390,5-9
1303,1,2.0,16610,5-9
1303,2,1.0,17240,10-14
1303,2,2.0,16960,10-14
1303,3,1.0,16010,15-19
1303,3,2.0,15570,15-19
1303,4,1.0,12150,20-24
1303,4,2.0,12240,20-24
1303,5,1.0,9600,25-29
1303,5,2.0,8900,25-29
1303,6,1.0,7410,30-34
1303,6,2.0,7640,30-34
1303,7,1.0,7240,35-39
1303,7,2.0,6790,35-39
1303,8,1.0,6550,40-44
1303,8,2.0,6080,40-44
1303,9,1.0,4440,45-49
1303,9,2.0,4450,45-49
1303,10,1.0,3560,50-54
1303,10,2.0,3360,50-54
1303,11,1.0,2880,55-59
1303,11,2.0,2990,55-59
1303,12,1.0,2530,60-64
1303,12,2.0,1940,60-64
1303,13,1.0,1460,65-69
1303,13,2.0,1260,65-69
1303,14,1.0,810,70-74
1303,14,2.0,620,70-74
1303,15,1.0,320,75-79
1303,15,2.0,520,75-79
1303,16,1.0,400,80+
1303,16,2.0,540,80+
1401,0,1.0,22320,0-4
1401,0,2.0,22220,0-4
1401,1,1.0,20640,5-9
1401,1,2.0,20530,5-9
1401,2,1.0,19700,10-14
1401,2,2.0,19050,10-14
1401,3,1.0,16180,15-19
1401,3,2.0,15700,15-19
1401,4,1.0,11450,20-24
1401,4,2.0,11650,20-24
1401,5,1.0,9900,25-29
1401,5,2.0,10210,25-29
1401,6,1.0,8220,30-34
1401,6,2.0,7920,30-34
1401,7,1.0,7670,35-39
1401,7,2.0,8220,35-39
1401,8,1.0,6320,40-44
1401,8,2.0,6630,40-44
1401,9,1.0,5640,45-49
1401,9,2.0,5930,45-49
1401,10,1.0,4360,50-54
1401,10,2.0,4560,50-54
1401,11,1.0,3430,55-59
1401,11,2.0,3740,55-59
1401,12,1.0,2960,60-64
1401,12,2.0,3160,60-64
1401,13,1.0,2330,65-69
1401,13,2.0,2170,65-69
1401,14,1.0,1100,70-74
1401,14,2.0,1200,70-74
1401,15,1.0,630,75-79
1401,15,2.0,560,75-79
1401,16,1.0,640,80+
1401,16,2.0,790,80+
1402,0,1.0,27130,0-4
1402,0,2.0,27680,0-4
1402,1,1.0,27150,5-9
1402,1,2.0,26010,5-9
1402,2,1.0,26910,10-14
1402,2,2.0,26010,10-14
1402,3,1.0,21250,15-19
1402,3,2.0,18950,15-19
1402,4,1.0,12980,20-24
1402,4,2.0,13220,20-24
1402,5,1.0,11540,25-29
1402,5,2.0,12180,25-29
1402,6,1.0,9540,30-34
1402,6,2.0,9540,30-34
1402,7,1.0,9320,35-39
1402,7,2.0,10270,35-39
1402,8,1.0,8660,40-44
1402,8,2.0,8140,40-44
1402,9,1.0,7260,45-49
1402,9,2.0,6940,45-49
1402,10,1.0,5280,50-54
1402,10,2.0,5600,50-54
1402,11,1.0,4120,55-59
1402,11,2.0,4130,55-59
1402,12,1.0,3320,60-64
1402,12,2.0,3290,60-64
1402,13,1.0,2340,65-69
1402,13,2.0,2270,65-69
1402,14,1.0,1330,70-74
1402,14,2.0,1320,70-74
1402,15,1.0,880,75-79
1402,15,2.0,870,75-79
1402,16,1.0,840,80+
1402,16,2.0,1000,80+
1403,0,1.0,14180,0-4
1403,0,2.0,13800,0-4
1403,1,1.0,13040,5-9
1403,1,2.0,12740,5-9
1403,2,1.0,13900,10-14
1403,2,2.0,14080,10-14
1403,3,1.0,13930,15-19
1403,3,2.0,16050,15-19
1403,4,1.0,11350,20-24
1403,4,2.0,13000,20-24
1403,5,1.0,9870,25-29
1403,5,2.0,10900,25-29
1403,6,1.0,7780,30-34
1403,6,2.0,8200,30-34
1403,7,1.0,7550,35-39
1403,7,2.0,8670,35-39
1403,8,1.0,6860,40-44
1403,8,2.0,6650,40-44
1403,9,1.0,5450,45-49
1403,9,2.0,6090,45-49
1403,10,1.0,4180,50-54
1403,10,2.0,4550,50-54
1403,11,1.0,3530,55-59
1403,11,2.0,3760,55-59
1403,12,1.0,2690,60-64
1403,12,2.0,2900,60-64
1403,13,1.0,1870,65-69
1403,13,2.0,2050,65-69
1403,14,1.0,1070,70-74
1403,14,2.0,1180,70-74
1403,15,1.0,620,75-79
1403,15,2.0,930,75-79
1403,16,1.0,340,80+
1403,16,2.0,550,80+
1404,0,1.0,32690,0-4
1404,0,2.0,32160,0-4
1404,1,1.0,30450,5-9
1404,1,2.0,30230,5-9
1404,2,1.0,31430,10-14
1404,2,2.0,30650,10-14
1404,3,1.0,26610,15-19
1404,3,2.0,25600,15-19
1404,4,1.0,17370,20-24
1404,4,2.0,16480,20-24
1404,5,1.0,14330,25-29
1404,5,2.0,15080,25-29
1404,6,1.0,12090,30-34
1404,6,2.0,12270,30-34
1404,7,1.0,12070,35-39
1404,7,2.0,12960,35-39
1404,8,1.0,10380,40-44
1404,8,2.0,10890,40-44
1404,9,1.0,9470,45-49
1404,9,2.0,9640,45-49
1404,10,1.0,7270,50-54
1404,10,2.0,7470,50-54
1404,11,1.0,5810,55-59
1404,11,2.0,5960,55-59
1404,12,1.0,4750,60-64
1404,12,2.0,4530,60-64
1404,13,1.0,3430,65-69
1404,13,2.0,3420,65-69
1404,14,1.0,2000,70-74
1404,14,2.0,2390,70-74
1404,15,1.0,1460,75-79
1404,15,2.0,1320,75-79
1404,16,1.0,1210,80+
1404,16,2.0,1320,80+
1405,0,1.0,23810,0-4
1405,0,2.0,24250,0-4
1405,1,1.0,22900,5-9
1405,1,2.0,22610,5-9
1405,2,1.0,22700,10-14
1405,2,2.0,21710,10-14
1405,3,1.0,20390,15-19
1405,3,2.0,18300,15-19
1405,4,1.0,13170,20-24
1405,4,2.0,13610,20-24
1405,5,1.0,10180,25-29
1405,5,2.0,11370,25-29
1405,6,1.0,9100,30-34
1405,6,2.0,8300,30-34
1405,7,1.0,8000,35-39
1405,7,2.0,8610,35-39
1405,8,1.0,7040,40-44
1405,8,2.0,6920,40-44
1405,9,1.0,6040,45-49
1405,9,2.0,5900,45-49
1405,10,1.0,4700,50-54
1405,10,2.0,4430,50-54
1405,11,1.0,3560,55-59
1405,11,2.0,3310,55-59
1405,12,1.0,3060,60-64
1405,12,2.0,2710,60-64
1405,13,1.0,1680,65-69
1405,13,2.0,1960,65-69
1405,14,1.0,1030,70-74
1405,14,2.0,1080,70-74
1405,15,1.0,650,75-79
1405,15,2.0,510,75-79
1405,16,1.0,540,80+
1405,16,2.0,710,80+
1406,0,1.0,17630,0-4
1406,0,2.0,17030,0-4
1406,1,1.0,16680,5-9
1406,1,2.0,15990,5-9
1406,2,1.0,16290,10-14
1406,2,2.0,15290,10-14
1406,3,1.0,12850,15-19
1406,3,2.0,12450,15-19
1406,4,1.0,9070,20-24
1406,4,2.0,8710,20-24
1406,5,1.0,7270,25-29
1406,5,2.0,7210,25-29
1406,6,1.0,5990,30-34
1406,6,2.0,6190,30-34
1406,7,1.0,5740,35-39
1406,7,2.0,6360,35-39
1406,8,1.0,5450,40-44
1406,8,2.0,5360,40-44
1406,9,1.0,4360,45-49
1406,9,2.0,4420,45-49
1406,10,1.0,3570,50-54
1406,10,2.0,3360,50-54
1406,11,1.0,2600,55-59
1406,11,2.0,2910,55-59
1406,12,1.0,2450,60-64
1406,12,2.0,1970,60-64
1406,13,1.0,1570,65-69
1406,13,2.0,1610,65-69
1406,14,1.0,800,70-74
1406,14,2.0,940,70-74
1406,15,1.0,560,75-79
1406,15,2.0,510,75-79
1406,16,1.0,500,80+
1406,16,2.0,600,80+
1407,0,1.0,16740,0-4
1407,0,2.0,17050,0-4
1407,1,1.0,15530,5-9
1407,1,2.0,15180,5-9
1407,2,1.0,13640,10-14
1407,2,2.0,13850,10-14
1407,3,1.0,12680,15-19
1407,3,2.0,12240,15-19
1407,4,1.0,8910,20-24
1407,4,2.0,9770,20-24
1407,5,1.0,7340,25-29
1407,5,2.0,7300,25-29
1407,6,1.0,6350,30-34
1407,6,2.0,5800,30-34
1407,7,1.0,5490,35-39
1407,7,2.0,5400,35-39
1407,8,1.0,4320,40-44
1407,8,2.0,4630,40-44
1407,9,1.0,4050,45-49
1407,9,2.0,3330,45-49
1407,10,1.0,3190,50-54
1407,10,2.0,2870,50-54
1407,11,1.0,2160,55-59
1407,11,2.0,2170,55-59
1407,12,1.0,1710,60-64
1407,12,2.0,1440,60-64
1407,13,1.0,980,65-69
1407,13,2.0,830,65-69
1407,14,1.0,500,70-74
1407,14,2.0,480,70-74
1407,15,1.0,340,75-79
1407,15,2.0,230,75-79
1407,16,1.0,270,80+
1407,16,2.0,380,80+
2101,0,1.0,17800,0-4
2101,0,2.0,16420,0-4
2101,1,1.0,14170,5-9
2101,1,2.0,15170,5-9
2101,2,1.0,14210,10-14
2101,2,2.0,13820,10-14
2101,3,1.0,13670,15-19
2101,3,2.0,15390,15-19
2101,4,1.0,9920,20-24
2101,4,2.0,12790,20-24
2101,5,1.0,9980,25-29
2101,5,2.0,10680,25-29
2101,6,1.0,7970,30-34
2101,6,2.0,8100,30-34
2101,7,1.0,6350,35-39
2101,7,2.0,6420,35-39
2101,8,1.0,5520,40-44
2101,8,2.0,5430,40-44
2101,9,1.0,4890,45-49
2101,9,2.0,5140,45-49
2101,10,1.0,3330,50-54
2101,10,2.0,3470,50-54
2101,11,1.0,2670,55-59
2101,11,2.0,2900,55-59
2101,12,1.0,2290,60-64
2101,12,2.0,2520,60-64
2101,13,1.0,1020,65-69
2101,13,2.0,1200,65-69
2101,14,1.0,910,70-74
2101,14,2.0,980,70-74
2101,15,1.0,640,75-79
2101,15,2.0,710,75-79
2101,16,1.0,760,80+
2101,16,2.0,1050,80+
2102,0,1.0,21390,0-4
2102,0,2.0,22040,0-4
2102,1,1.0,20430,5-9
2102,1,2.0,19580,5-9
2102,2,1.0,18670,10-14
2102,2,2.0,19970,10-14
2102,3,1.0,16150,15-19
2102,3,2.0,18660,15-19
2102,4,1.0,12250,20-24
2102,4,2.0,13070,20-24
2102,5,1.0,10980,25-29
2102,5,2.0,12100,25-29
2102,6,1.0,8590,30-34
2102,6,2.0,9860,30-34
2102,7,1.0,7020,35-39
2102,7,2.0,7760,35-39
2102,8,1.0,6950,40-44
2102,8,2.0,6590,40-44
2102,9,1.0,5180,45-49
2102,9,2.0,5090,45-49
2102,10,1.0,4180,50-54
2102,10,2.0,4150,50-54
2102,11,1.0,3000,55-59
2102,11,2.0,2700,55-59
2102,12,1.0,2710,60-64
2102,12,2.0,2480,60-64
2102,13,1.0,1560,65-69
2102,13,2.0,1400,65-69
2102,14,1.0,970,70-74
2102,14,2.0,1180,70-74
2102,15,1.0,760,75-79
2102,15,2.0,520,75-79
2102,16,1.0,1220,80+
2102,16,2.0,1430,80+
2103,0,1.0,7300,0-4
2103,0,2.0,6900,0-4
2103,1,1.0,6420,5-9
2103,1,2.0,6750,5-9
2103,2,1.0,6290,10-14
2103,2,2.0,7800,10-14
2103,3,1.0,6980,15-19
2103,3,2.0,8090,15-19
2103,4,1.0,7670,20-24
2103,4,2.0,8790,20-24
2103,5,1.0,6300,25-29
2103,5,2.0,7510,25-29
2103,6,1.0,4460,30-34
2103,6,2.0,5640,30-34
2103,7,1.0,3830,35-39
2103,7,2.0,5050,35-39
2103,8,1.0,3410,40-44
2103,8,2.0,3380,40-44
2103,9,1.0,2600,45-49
2103,9,2.0,2740,45-49
2103,10,1.0,2010,50-54
2103,10,2.0,2130,50-54
2103,11,1.0,1590,55-59
2103,11,2.0,2010,55-59
2103,12,1.0,1190,60-64
2103,12,2.0,1510,60-64
2103,13,1.0,840,65-69
2103,13,2.0,880,65-69
2103,14,1.0,380,70-74
2103,14,2.0,720,70-74
2103,15,1.0,310,75-79
2103,15,2.0,380,75-79
2103,16,1.0,180,80+
2103,16,2.0,470,80+
2104,0,1.0,9520,0-4
2104,0,2.0,8920,0-4
2104,1,1.0,9030,5-9
2104,1,2.0,9040,5-9
2104,2,1.0,8310,10-14
2104,2,2.0,8000,10-14
2104,3,1.0,7020,15-19
2104,3,2.0,7100,15-19
2104,4,1.0,5050,20-24
2104,4,2.0,5970,20-24
2104,5,1.0,5170,25-29
2104,5,2.0,5110,25-29
2104,6,1.0,4310,30-34
2104,6,2.0,4390,30-34
2104,7,1.0,3710,35-39
2104,7,2.0,3990,35-39
2104,8,1.0,3050,40-44
2104,8,2.0,2750,40-44
2104,9,1.0,2720,45-49
2104,9,2.0,2090,45-49
2104,10,1.0,2190,50-54
2104,10,2.0,2250,50-54
2104,11,1.0,1540,55-59
2104,11,2.0,1310,55-59
2104,12,1.0,1390,60-64
2104,12,2.0,1170,60-64
2104,13,1.0,740,65-69
2104,13,2.0,700,65-69
2104,14,1.0,620,70-74
2104,14,2.0,440,70-74
2104,15,1.0,410,75-79
2104,15,2.0,300,75-79
2104,16,1.0,360,80+
2104,16,2.0,490,80+
2105,0,1.0,6720,0-4
2105,0,2.0,6970,0-4
2105,1,1.0,5720,5-9
2105,1,2.0,6310,5-9
2105,2,1.0,5510,10-14
2105,2,2.0,5500,10-14
2105,3,1.0,5120,15-19
2105,3,2.0,6780,15-19
2105,4,1.0,4670,20-24
2105,4,2.0,6100,20-24
2105,5,1.0,5610,25-29
2105,5,2.0,6130,25-29
2105,6,1.0,3950,30-34
2105,6,2.0,4960,30-34
2105,7,1.0,3900,35-39
2105,7,2.0,3990,35-39
2105,8,1.0,2780,40-44
2105,8,2.0,2580,40-44
2105,9,1.0,2340,45-49
2105,9,2.0,2390,45-49
2105,10,1.0,1630,50-54
2105,10,2.0,1660,50-54
2105,11,1.0,1350,55-59
2105,11,2.0,1180,55-59
2105,12,1.0,850,60-64
2105,12,2.0,850,60-64
2105,13,1.0,470,65-69
2105,13,2.0,500,65-69
2105,14,1.0,330,70-74
2105,14,2.0,310,70-74
2105,15,1.0,90,75-79
2105,15,2.0,240,75-79
2105,16,1.0,180,80+
2105,16,2.0,240,80+
2201,0,1.0,11860,0-4
2201,0,2.0,12270,0-4
2201,1,1.0,11930,5-9
2201,1,2.0,12040,5-9
2201,2,1.0,13720,10-14
2201,2,2.0,14260,10-14
2201,3,1.0,13850,15-19
2201,3,2.0,13910,15-19
2201,4,1.0,10200,20-24
2201,4,2.0,10190,20-24
2201,5,1.0,8250,25-29
2201,5,2.0,8180,25-29
2201,6,1.0,6790,30-34
2201,6,2.0,6890,30-34
2201,7,1.0,6110,35-39
2201,7,2.0,6350,35-39
2201,8,1.0,5710,40-44
2201,8,2.0,5080,40-44
2201,9,1.0,4220,45-49
2201,9,2.0,4440,45-49
2201,10,1.0,3220,50-54
2201,10,2.0,3230,50-54
2201,11,1.0,2560,55-59
2201,11,2.0,2430,55-59
2201,12,1.0,2070,60-64
2201,12,2.0,2310,60-64
2201,13,1.0,1170,65-69
2201,13,2.0,1310,65-69
2201,14,1.0,940,70-74
2201,14,2.0,1020,70-74
2201,15,1.0,480,75-79
2201,15,2.0,610,75-79
2201,16,1.0,610,80+
2201,16,2.0,770,80+
2202,0,1.0,17530,0-4
2202,0,2.0,17560,0-4
2202,1,1.0,16690,5-9
2202,1,2.0,16620,5-9
2202,2,1.0,17820,10-14
2202,2,2.0,17110,10-14
2202,3,1.0,16380,15-19
2202,3,2.0,18090,15-19
2202,4,1.0,11570,20-24
2202,4,2.0,13290,20-24
2202,5,1.0,10530,25-29
2202,5,2.0,10500,25-29
2202,6,1.0,8420,30-34
2202,6,2.0,8550,30-34
2202,7,1.0,7150,35-39
2202,7,2.0,8180,35-39
2202,8,1.0,6370,40-44
2202,8,2.0,6390,40-44
2202,9,1.0,5170,45-49
2202,9,2.0,4800,45-49
2202,10,1.0,4620,50-54
2202,10,2.0,4550,50-54
2202,11,1.0,3030,55-59
2202,11,2.0,2740,55-59
2202,12,1.0,2550,60-64
2202,12,2.0,2610,60-64
2202,13,1.0,1340,65-69
2202,13,2.0,1700,65-69
2202,14,1.0,1070,70-74
2202,14,2.0,1150,70-74
2202,15,1.0,480,75-79
2202,15,2.0,730,75-79
2202,16,1.0,860,80+
2202,16,2.0,1070,80+
2203,0,1.0,24700,0-4
2203,0,2.0,24960,0-4
2203,1,1.0,23490,5-9
2203,1,2.0,24460,5-9
2203,2,1.0,25590,10-14
2203,2,2.0,26160,10-14
2203,3,1.0,25100,15-19
2203,3,2.0,27650,15-19
2203,4,1.0,17190,20-24
2203,4,2.0,19770,20-24
2203,5,1.0,16240,25-29
2203,5,2.0,17540,25-29
2203,6,1.0,13250,30-34
2203,6,2.0,14020,30-34
2203,7,1.0,11910,35-39
2203,7,2.0,12070,35-39
2203,8,1.0,10370,40-44
2203,8,2.0,9560,40-44
2203,9,1.0,8860,45-49
2203,9,2.0,7880,45-49
2203,10,1.0,6310,50-54
2203,10,2.0,5550,50-54
2203,11,1.0,3940,55-59
2203,11,2.0,4260,55-59
2203,12,1.0,3430,60-64
2203,12,2.0,3820,60-64
2203,13,1.0,2040,65-69
2203,13,2.0,1860,65-69
2203,14,1.0,1230,70-74
2203,14,2.0,1450,70-74
2203,15,1.0,760,75-79
2203,15,2.0,970,75-79
2203,16,1.0,970,80+
2203,16,2.0,1320,80+
2204,0,1.0,16300,0-4
2204,0,2.0,16210,0-4
2204,1,1.0,15340,5-9
2204,1,2.0,15350,5-9
2204,2,1.0,16260,10-14
2204,2,2.0,16890,10-14
2204,3,1.0,15930,15-19
2204,3,2.0,16280,15-19
2204,4,1.0,10980,20-24
2204,4,2.0,11520,20-24
2204,5,1.0,9380,25-29
2204,5,2.0,10420,25-29
2204,6,1.0,7490,30-34
2204,6,2.0,7630,30-34
2204,7,1.0,6450,35-39
2204,7,2.0,7440,35-39
2204,8,1.0,5460,40-44
2204,8,2.0,5520,40-44
2204,9,1.0,4810,45-49
2204,9,2.0,4300,45-49
2204,10,1.0,3350,50-54
2204,10,2.0,3410,50-54
2204,11,1.0,2360,55-59
2204,11,2.0,2260,55-59
2204,12,1.0,2070,60-64
2204,12,2.0,2050,60-64
2204,13,1.0,1550,65-69
2204,13,2.0,1210,65-69
2204,14,1.0,820,70-74
2204,14,2.0,920,70-74
2204,15,1.0,430,75-79
2204,15,2.0,640,75-79
2204,16,1.0,960,80+
2204,16,2.0,1120,80+
3101,0,1.0,17910,0-4
3101,0,2.0,17670,0-4
3101,1,1.0,16220,5-9
3101,1,2.0,16540,5-9
3101,2,1.0,16000,10-14
3101,2,2.0,15440,10-14
3101,3,1.0,14200,15-19
3101,3,2.0,13450,15-19
3101,4,1.0,9600,20-24
3101,4,2.0,10360,20-24
3101,5,1.0,7520,25-29
3101,5,2.0,8060,25-29
3101,6,1.0,5820,30-34
3101,6,2.0,6230,30-34
3101,7,1.0,5360,35-39
3101,7,2.0,5720,35-39
3101,8,1.0,4500,40-44
3101,8,2.0,4450,40-44
3101,9,1.0,3430,45-49
3101,9,2.0,3240,45-49
3101,10,1.0,2680,50-54
3101,10,2.0,2560,50-54
3101,11,1.0,2190,55-59
3101,11,2.0,1910,55-59
3101,12,1.0,1630,60-64
3101,12,2.0,1630,60-64
3101,13,1.0,1120,65-69
3101,13,2.0,960,65-69
3101,14,1.0,400,70-74
3101,14,2.0,640,70-74
3101,15,1.0,200,75-79
3101,15,2.0,300,75-79
3101,16,1.0,250,80+
3101,16,2.0,400,80+
3102,0,1.0,22290,0-4
3102,0,2.0,22160,0-4
3102,1,1.0,21990,5-9
3102,1,2.0,20930,5-9
3102,2,1.0,21110,10-14
3102,2,2.0,20350,10-14
3102,3,1.0,17310,15-19
3102,3,2.0,17120,15-19
3102,4,1.0,11030,20-24
3102,4,2.0,11960,20-24
3102,5,1.0,9290,25-29
3102,5,2.0,10130,25-29
3102,6,1.0,7740,30-34
3102,6,2.0,8510,30-34
3102,7,1.0,7320,35-39
3102,7,2.0,7970,35-39
3102,8,1.0,6320,40-44
3102,8,2.0,7590,40-44
3102,9,1.0,4920,45-49
3102,9,2.0,6120,45-49
3102,10,1.0,4330,50-54
3102,10,2.0,5180,50-54
3102,11,1.0,3430,55-59
3102,11,2.0,4220,55-59
3102,12,1.0,3030,60-64
3102,12,2.0,3850,60-64
3102,13,1.0,1960,65-69
3102,13,2.0,2290,65-69
3102,14,1.0,930,70-74
3102,14,2.0,1340,70-74
3102,15,1.0,650,75-79
3102,15,2.0,650,75-79
3102,16,1.0,550,80+
3102,16,2.0,1050,80+
3103,0,1.0,15800,0-4
3103,0,2.0,15950,0-4
3103,1,1.0,15900,5-9
3103,1,2.0,15210,5-9
3103,2,1.0,16970,10-14
3103,2,2.0,14670,10-14
3103,3,1.0,13380,15-19
3103,3,2.0,11600,15-19
3103,4,1.0,7400,20-24
3103,4,2.0,7420,20-24
3103,5,1.0,5930,25-29
3103,5,2.0,6810,25-29
3103,6,1.0,5120,30-34
3103,6,2.0,6030,30-34
3103,7,1.0,5310,35-39
3103,7,2.0,5960,35-39
3103,8,1.0,4810,40-44
3103,8,2.0,5160,40-44
3103,9,1.0,4290,45-49
3103,9,2.0,4540,45-49
3103,10,1.0,3230,50-54
3103,10,2.0,3610,50-54
3103,11,1.0,3000,55-59
3103,11,2.0,3440,55-59
3103,12,1.0,2280,60-64
3103,12,2.0,3120,60-64
3103,13,1.0,1920,65-69
3103,13,2.0,1890,65-69
3103,14,1.0,1040,70-74
3103,14,2.0,1140,70-74
3103,15,1.0,570,75-79
3103,15,2.0,590,75-79
3103,16,1.0,570,80+
3103,16,2.0,1010,80+
3104,0,1.0,8050,0-4
3104,0,2.0,7870,0-4
3104,1,1.0,7910,5-9
3104,1,2.0,7440,5-9
3104,2,1.0,8690,10-14
3104,2,2.0,8510,10-14
3104,3,1.0,7290,15-19
3104,3,2.0,7180,15-19
3104,4,1.0,4200,20-24
3104,4,2.0,4800,20-24
3104,5,1.0,3350,25-29
3104,5,2.0,3580,25-29
3104,6,1.0,3190,30-34
3104,6,2.0,3710,30-34
3104,7,1.0,2750,35-39
3104,7,2.0,3200,35-39
3104,8,1.0,2440,40-44
3104,8,2.0,2630,40-44
3104,9,1.0,1700,45-49
3104,9,2.0,1760,45-49
3104,10,1.0,1460,50-54
3104,10,2.0,1630,50-54
3104,11,1.0,1210,55-59
3104,11,2.0,1380,55-59
3104,12,1.0,1160,60-64
3104,12,2.0,1300,60-64
3104,13,1.0,710,65-69
3104,13,2.0,790,65-69
3104,14,1.0,450,70-74
3104,14,2.0,380,70-74
3104,15,1.0,380,75-79
3104,15,2.0,290,75-79
3104,16,1.0,300,80+
3104,16,2.0,400,80+
3201,0,1.0,4750,0-4
3201,0,2.0,4990,0-4
3201,1,1.0,4660,5-9
3201,1,2.0,4660,5-9
3201,2,1.0,3820,10-14
3201,2,2.0,3180,10-14
3201,3,1.0,3020,15-19
3201,3,2.0,3480,15-19
3201,4,1.0,2090,20-24
3201,4,2.0,2640,20-24
3201,5,1.0,1840,25-29
3201,5,2.0,1970,25-29
3201,6,1.0,1170,30-34
3201,6,2.0,1370,30-34
3201,7,1.0,990,35-39
3201,7,2.0,960,35-39
3201,8,1.0,880,40-44
3201,8,2.0,990,40-44
3201,9,1.0,660,45-49
3201,9,2.0,670,45-49
3201,10,1.0,560,50-54
3201,10,2.0,600,50-54
3201,11,1.0,290,55-59
3201,11,2.0,250,55-59
3201,12,1.0,380,60-64
3201,12,2.0,340,60-64
3201,13,1.0,150,65-69
3201,13,2.0,90,65-69
3201,14,1.0,130,70-74
3201,14,2.0,140,70-74
3201,15,1.0,50,75-79
3201,15,2.0,70,75-79
3201,16,1.0,180,80+
3201,16,2.0,80,80+
3202,0,1.0,35600,0-4
3202,0,2.0,36210,0-4
3202,1,1.0,34040,5-9
3202,1,2.0,34980,5-9
3202,2,1.0,28410,10-14
3202,2,2.0,28880,10-14
3202,3,1.0,24140,15-19
3202,3,2.0,25150,15-19
3202,4,1.0,15570,20-24
3202,4,2.0,18140,20-24
3202,5,1.0,13610,25-29
3202,5,2.0,17080,25-29
3202,6,1.0,10160,30-34
3202,6,2.0,11730,30-34
3202,7,1.0,8860,35-39
3202,7,2.0,10490,35-39
3202,8,1.0,7890,40-44
3202,8,2.0,8710,40-44
3202,9,1.0,6330,45-49
3202,9,2.0,6410,45-49
3202,10,1.0,4920,50-54
3202,10,2.0,5830,50-54
3202,11,1.0,3750,55-59
3202,11,2.0,3480,55-59
3202,12,1.0,2900,60-64
3202,12,2.0,2890,60-64
3202,13,1.0,1510,65-69
3202,13,2.0,1430,65-69
3202,14,1.0,990,70-74
3202,14,2.0,1400,70-74
3202,15,1.0,550,75-79
3202,15,2.0,530,75-79
3202,16,1.0,920,80+
3202,16,2.0,880,80+
3203,0,1.0,4090,0-4
3203,0,2.0,4300,0-4
3203,1,1.0,3700,5-9
3203,1,2.0,3740,5-9
3203,2,1.0,3830,10-14
3203,2,2.0,3500,10-14
3203,3,1.0,2850,15-19
3203,3,2.0,3610,15-19
3203,4,1.0,2120,20-24
3203,4,2.0,2190,20-24
3203,5,1.0,1480,25-29
3203,5,2.0,1600,25-29
3203,6,1.0,1110,30-34
3203,6,2.0,1360,30-34
3203,7,1.0,1070,35-39
3203,7,2.0,1070,35-39
3203,8,1.0,750,40-44
3203,8,2.0,730,40-44
3203,9,1.0,740,45-49
3203,9,2.0,630,45-49
3203,10,1.0,530,50-54
3203,10,2.0,590,50-54
3203,11,1.0,370,55-59
3203,11,2.0,400,55-59
3203,12,1.0,390,60-64
3203,12,2.0,400,60-64
3203,13,1.0,160,65-69
3203,13,2.0,190,65-69
3203,14,1.0,120,70-74
3203,14,2.0,100,70-74
3203,15,1.0,60,75-79
3203,15,2.0,10,75-79
3203,16,1.0,80,80+
3203,16,2.0,80,80+
3204,0,1.0,30100,0-4
3204,0,2.0,32080,0-4
3204,1,1.0,30480,5-9
3204,1,2.0,29590,5-9
3204,2,1.0,25030,10-14
3204,2,2.0,23800,10-14
3204,3,1.0,22370,15-19
3204,3,2.0,22540,15-19
3204,4,1.0,13110,20-24
3204,4,2.0,16060,20-24
3204,5,1.0,10880,25-29
3204,5,2.0,13810,25-29
3204,6,1.0,8920,30-34
3204,6,2.0,10840,30-34
3204,7,1.0,7600,35-39
3204,7,2.0,9130,35-39
3204,8,1.0,7020,40-44
3204,8,2.0,6840,40-44
3204,9,1.0,4470,45-49
3204,9,2.0,5540,45-49
3204,10,1.0,4140,50-54
3204,10,2.0,4460,50-54
3204,11,1.0,2640,55-59
3204,11,2.0,2750,55-59
3204,12,1.0,2560,60-64
3204,12,2.0,2480,60-64
3204,13,1.0,1370,65-69
3204,13,2.0,1320,65-69
3204,14,1.0,1090,70-74
3204,14,2.0,1150,70-74
3204,15,1.0,470,75-79
3204,15,2.0,520,75-79
3204,16,1.0,850,80+
3204,16,2.0,910,80+
3205,0,1.0,14510,0-4
3205,0,2.0,15080,0-4
3205,1,1.0,13910,5-9
3205,1,2.0,13370,5-9
3205,2,1.0,10830,10-14
3205,2,2.0,10460,10-14
3205,3,1.0,10140,15-19
3205,3,2.0,10630,15-19
3205,4,1.0,6890,20-24
3205,4,2.0,8660,20-24
3205,5,1.0,6340,25-29
3205,5,2.0,7160,25-29
3205,6,1.0,4450,30-34
3205,6,2.0,4490,30-34
3205,7,1.0,3570,35-39
3205,7,2.0,3570,35-39
3205,8,1.0,2610,40-44
3205,8,2.0,2820,40-44
3205,9,1.0,2100,45-49
3205,9,2.0,2130,45-49
3205,10,1.0,2030,50-54
3205,10,2.0,1670,50-54
3205,11,1.0,1420,55-59
3205,11,2.0,820,55-59
3205,12,1.0,1310,60-64
3205,12,2.0,840,60-64
3205,13,1.0,390,65-69
3205,13,2.0,360,65-69
3205,14,1.0,400,70-74
3205,14,2.0,360,70-74
3205,15,1.0,140,75-79
3205,15,2.0,100,75-79
3205,16,1.0,210,80+
3205,16,2.0,250,80+
3301,0,1.0,19020,0-4
3301,0,2.0,18980,0-4
3301,1,1.0,20870,5-9
3301,1,2.0,19510,5-9
3301,2,1.0,22620,10-14
3301,2,2.0,21810,10-14
3301,3,1.0,19670,15-19
3301,3,2.0,19950,15-19
3301,4,1.0,12670,20-24
3301,4,2.0,14270,20-24
3301,5,1.0,10460,25-29
3301,5,2.0,11160,25-29
3301,6,1.0,9020,30-34
3301,6,2.0,9270,30-34
3301,7,1.0,8140,35-39
3301,7,2.0,8010,35-39
3301,8,1.0,6500,40-44
3301,8,2.0,6710,40-44
3301,9,1.0,4820,45-49
3301,9,2.0,5370,45-49
3301,10,1.0,4020,50-54
3301,10,2.0,4450,50-54
3301,11,1.0,3160,55-59
3301,11,2.0,3150,55-59
3301,12,1.0,3020,60-64
3301,12,2.0,2800,60-64
3301,13,1.0,1620,65-69
3301,13,2.0,1730,65-69
3301,14,1.0,1140,70-74
3301,14,2.0,1170,70-74
3301,15,1.0,550,75-79
3301,15,2.0,590,75-79
3301,16,1.0,810,80+
3301,16,2.0,1010,80+
3302,0,1.0,19890,0-4
3302,0,2.0,19310,0-4
3302,1,1.0,20340,5-9
3302,1,2.0,20040,5-9
3302,2,1.0,21410,10-14
3302,2,2.0,22070,10-14
3302,3,1.0,18130,15-19
3302,3,2.0,19230,15-19
3302,4,1.0,11670,20-24
3302,4,2.0,11260,20-24
3302,5,1.0,8600,25-29
3302,5,2.0,9560,25-29
3302,6,1.0,7570,30-34
3302,6,2.0,7980,30-34
3302,7,1.0,7310,35-39
3302,7,2.0,7690,35-39
3302,8,1.0,5780,40-44
3302,8,2.0,6590,40-44
3302,9,1.0,4140,45-49
3302,9,2.0,4870,45-49
3302,10,1.0,3690,50-54
3302,10,2.0,3860,50-54
3302,11,1.0,2590,55-59
3302,11,2.0,2870,55-59
3302,12,1.0,2550,60-64
3302,12,2.0,2920,60-64
3302,13,1.0,1490,65-69
3302,13,2.0,1730,65-69
3302,14,1.0,750,70-74
3302,14,2.0,1050,70-74
3302,15,1.0,430,75-79
3302,15,2.0,580,75-79
3302,16,1.0,620,80+
3302,16,2.0,690,80+
3303,0,1.0,10150,0-4
3303,0,2.0,10210,0-4
3303,1,1.0,9180,5-9
3303,1,2.0,9390,5-9
3303,2,1.0,10360,10-14
3303,2,2.0,11000,10-14
3303,3,1.0,12490,15-19
3303,3,2.0,14970,15-19
3303,4,1.0,12350,20-24
3303,4,2.0,12820,20-24
3303,5,1.0,8940,25-29
3303,5,2.0,9220,25-29
3303,6,1.0,6190,30-34
3303,6,2.0,5990,30-34
3303,7,1.0,4710,35-39
3303,7,2.0,6110,35-39
3303,8,1.0,4400,40-44
3303,8,2.0,4940,40-44
3303,9,1.0,3520,45-49
3303,9,2.0,3860,45-49
3303,10,1.0,2840,50-54
3303,10,2.0,3340,50-54
3303,11,1.0,2030,55-59
3303,11,2.0,2710,55-59
3303,12,1.0,2120,60-64
3303,12,2.0,2430,60-64
3303,13,1.0,1190,65-69
3303,13,2.0,1870,65-69
3303,14,1.0,750,70-74
3303,14,2.0,800,70-74
3303,15,1.0,310,75-79
3303,15,2.0,500,75-79
3303,16,1.0,280,80+
3303,16,2.0,500,80+
3304,0,1.0,10150,0-4
3304,0,2.0,10620,0-4
3304,1,1.0,11850,5-9
3304,1,2.0,10810,5-9
3304,2,1.0,12280,10-14
3304,2,2.0,12140,10-14
3304,3,1.0,9850,15-19
3304,3,2.0,10290,15-19
3304,4,1.0,5960,20-24
3304,4,2.0,6240,20-24
3304,5,1.0,3910,25-29
3304,5,2.0,4570,25-29
3304,6,1.0,4230,30-34
3304,6,2.0,4880,30-34
3304,7,1.0,4020,35-39
3304,7,2.0,3800,35-39
3304,8,1.0,3410,40-44
3304,8,2.0,3310,40-44
3304,9,1.0,2590,45-49
3304,9,2.0,2610,45-49
3304,10,1.0,1770,50-54
3304,10,2.0,2000,50-54
3304,11,1.0,1640,55-59
3304,11,2.0,1540,55-59
3304,12,1.0,1100,60-64
3304,12,2.0,1510,60-64
3304,13,1.0,810,65-69
3304,13,2.0,740,65-69
3304,14,1.0,370,70-74
3304,14,2.0,430,70-74
3304,15,1.0,160,75-79
3304,15,2.0,230,75-79
3304,16,1.0,340,80+
3304,16,2.0,320,80+
3305,0,1.0,10660,0-4
3305,0,2.0,10840,0-4
3305,1,1.0,10410,5-9
3305,1,2.0,9250,5-9
3305,2,1.0,8950,10-14
3305,2,2.0,8680,10-14
3305,3,1.0,6950,15-19
3305,3,2.0,7690,15-19
3305,4,1.0,4830,20-24
3305,4,2.0,5660,20-24
3305,5,1.0,4020,25-29
3305,5,2.0,4320,25-29
3305,6,1.0,3530,30-34
3305,6,2.0,3730,30-34
3305,7,1.0,3130,35-39
3305,7,2.0,3020,35-39
3305,8,1.0,2770,40-44
3305,8,2.0,2210,40-44
3305,9,1.0,1740,45-49
3305,9,2.0,1740,45-49
3305,10,1.0,1620,50-54
3305,10,2.0,1490,50-54
3305,11,1.0,1220,55-59
3305,11,2.0,920,55-59
3305,12,1.0,680,60-64
3305,12,2.0,790,60-64
3305,13,1.0,420,65-69
3305,13,2.0,520,65-69
3305,14,1.0,360,70-74
3305,14,2.0,290,70-74
3305,15,1.0,170,75-79
3305,15,2.0,210,75-79
3305,16,1.0,170,80+
3305,16,2.0,170,80+
3306,0,1.0,14580,0-4
3306,0,2.0,13810,0-4
3306,1,1.0,14900,5-9
3306,1,2.0,13830,5-9
3306,2,1.0,16610,10-14
3306,2,2.0,16480,10-14
3306,3,1.0,14040,15-19
3306,3,2.0,13300,15-19
3306,4,1.0,9860,20-24
3306,4,2.0,8940,20-24
3306,5,1.0,7420,25-29
3306,5,2.0,7520,25-29
3306,6,1.0,6330,30-34
3306,6,2.0,6410,30-34
3306,7,1.0,6170,35-39
3306,7,2.0,5810,35-39
3306,8,1.0,5090,40-44
3306,8,2.0,5470,40-44
3306,9,1.0,4280,45-49
3306,9,2.0,4450,45-49
3306,10,1.0,3560,50-54
3306,10,2.0,3250,50-54
3306,11,1.0,2680,55-59
3306,11,2.0,2920,55-59
3306,12,1.0,2170,60-64
3306,12,2.0,2310,60-64
3306,13,1.0,1520,65-69
3306,13,2.0,1630,65-69
3306,14,1.0,1020,70-74
3306,14,2.0,930,70-74
3306,15,1.0,580,75-79
3306,15,2.0,560,75-79
3306,16,1.0,580,80+
3306,16,2.0,680,80+
3307,0,1.0,12870,0-4
3307,0,2.0,12410,0-4
3307,1,1.0,12790,5-9
3307,1,2.0,12900,5-9
3307,2,1.0,14240,10-14
3307,2,2.0,13300,10-14
3307,3,1.0,11850,15-19
3307,3,2.0,11190,15-19
3307,4,1.0,7190,20-24
3307,4,2.0,7200,20-24
3307,5,1.0,6020,25-29
3307,5,2.0,6310,25-29
3307,6,1.0,5290,30-34
3307,6,2.0,5290,30-34
3307,7,1.0,4390,35-39
3307,7,2.0,4610,35-39
3307,8,1.0,4290,40-44
3307,8,2.0,4540,40-44
3307,9,1.0,3270,45-49
3307,9,2.0,3490,45-49
3307,10,1.0,2570,50-54
3307,10,2.0,2840,50-54
3307,11,1.0,2120,55-59
3307,11,2.0,2090,55-59
3307,12,1.0,2040,60-64
3307,12,2.0,1940,60-64
3307,13,1.0,1210,65-69
3307,13,2.0,1370,65-69
3307,14,1.0,560,70-74
3307,14,2.0,720,70-74
3307,15,1.0,350,75-79
3307,15,2.0,360,75-79
3307,16,1.0,390,80+
3307,16,2.0,400,80+
3401,0,1.0,4820,0-4
3401,0,2.0,5130,0-4
3401,1,1.0,4360,5-9
3401,1,2.0,4730,5-9
3401,2,1.0,3740,10-14
3401,2,2.0,3210,10-14
3401,3,1.0,2970,15-19
3401,3,2.0,3200,15-19
3401,4,1.0,2070,20-24
3401,4,2.0,2490,20-24
3401,5,1.0,1980,25-29
3401,5,2.0,2140,25-29
3401,6,1.0,1350,30-34
3401,6,2.0,1450,30-34
3401,7,1.0,1110,35-39
3401,7,2.0,1090,35-39
3401,8,1.0,950,40-44
3401,8,2.0,1060,40-44
3401,9,1.0,750,45-49
3401,9,2.0,660,45-49
3401,10,1.0,670,50-54
3401,10,2.0,540,50-54
3401,11,1.0,450,55-59
3401,11,2.0,330,55-59
3401,12,1.0,380,60-64
3401,12,2.0,310,60-64
3401,13,1.0,190,65-69
3401,13,2.0,140,65-69
3401,14,1.0,150,70-74
3401,14,2.0,170,70-74
3401,15,1.0,90,75-79
3401,15,2.0,20,75-79
3401,16,1.0,100,80+
3401,16,2.0,140,80+
3402,0,1.0,23240,0-4
3402,0,2.0,23510,0-4
3402,1,1.0,21820,5-9
3402,1,2.0,21420,5-9
3402,2,1.0,19510,10-14
3402,2,2.0,19360,10-14
3402,3,1.0,16790,15-19
3402,3,2.0,19020,15-19
3402,4,1.0,12460,20-24
3402,4,2.0,14250,20-24
3402,5,1.0,10860,25-29
3402,5,2.0,12130,25-29
3402,6,1.0,9250,30-34
3402,6,2.0,9760,30-34
3402,7,1.0,8440,35-39
3402,7,2.0,8100,35-39
3402,8,1.0,7400,40-44
3402,8,2.0,5800,40-44
3402,9,1.0,5170,45-49
3402,9,2.0,4320,45-49
3402,10,1.0,3970,50-54
3402,10,2.0,3520,50-54
3402,11,1.0,2440,55-59
3402,11,2.0,1980,55-59
3402,12,1.0,2060,60-64
3402,12,2.0,1690,60-64
3402,13,1.0,1290,65-69
3402,13,2.0,980,65-69
3402,14,1.0,760,70-74
3402,14,2.0,760,70-74
3402,15,1.0,360,75-79
3402,15,2.0,340,75-79
3402,16,1.0,580,80+
3402,16,2.0,560,80+
3403,0,1.0,5800,0-4
3403,0,2.0,5520,0-4
3403,1,1.0,5360,5-9
3403,1,2.0,5330,5-9
3403,2,1.0,4440,10-14
3403,2,2.0,4220,10-14
3403,3,1.0,4040,15-19
3403,3,2.0,4780,15-19
3403,4,1.0,2590,20-24
3403,4,2.0,3190,20-24
3403,5,1.0,2350,25-29
3403,5,2.0,2600,25-29
3403,6,1.0,1910,30-34
3403,6,2.0,2270,30-34
3403,7,1.0,1700,35-39
3403,7,2.0,1640,35-39
3403,8,1.0,1490,40-44
3403,8,2.0,1290,40-44
3403,9,1.0,1110,45-49
3403,9,2.0,860,45-49
3403,10,1.0,960,50-54
3403,10,2.0,700,50-54
3403,11,1.0,540,55-59
3403,11,2.0,500,55-59
3403,12,1.0,500,60-64
3403,12,2.0,470,60-64
3403,13,1.0,280,65-69
3403,13,2.0,200,65-69
3403,14,1.0,250,70-74
3403,14,2.0,160,70-74
3403,15,1.0,50,75-79
3403,15,2.0,40,75-79
3403,16,1.0,110,80+
3403,16,2.0,60,80+
3501,0,1.0,15640,0-4
3501,0,2.0,15890,0-4
3501,1,1.0,16030,5-9
3501,1,2.0,16110,5-9
3501,2,1.0,13940,10-14
3501,2,2.0,13700,10-14
3501,3,1.0,13380,15-19
3501,3,2.0,13150,15-19
3501,4,1.0,8320,20-24
3501,4,2.0,9140,20-24
3501,5,1.0,6650,25-29
3501,5,2.0,7480,25-29
3501,6,1.0,5230,30-34
3501,6,2.0,5620,30-34
3501,7,1.0,4560,35-39
3501,7,2.0,4710,35-39
3501,8,1.0,3970,40-44
3501,8,2.0,3900,40-44
3501,9,1.0,3110,45-49
3501,9,2.0,3040,45-49
3501,10,1.0,2340,50-54
3501,10,2.0,2080,50-54
3501,11,1.0,1940,55-59
3501,11,2.0,1740,55-59
3501,12,1.0,1580,60-64
3501,12,2.0,1250,60-64
3501,13,1.0,900,65-69
3501,13,2.0,610,65-69
3501,14,1.0,600,70-74
3501,14,2.0,350,70-74
3501,15,1.0,250,75-79
3501,15,2.0,310,75-79
3501,16,1.0,280,80+
3501,16,2.0,280,80+
3502,0,1.0,30090,0-4
3502,0,2.0,30830,0-4
3502,1,1.0,29990,5-9
3502,1,2.0,29990,5-9
3502,2,1.0,28010,10-14
3502,2,2.0,26870,10-14
3502,3,1.0,24180,15-19
3502,3,2.0,26250,15-19
3502,4,1.0,14920,20-24
3502,4,2.0,18110,20-24
3502,5,1.0,13120,25-29
3502,5,2.0,15920,25-29
3502,6,1.0,10290,30-34
3502,6,2.0,12050,30-34
3502,7,1.0,8630,35-39
3502,7,2.0,10720,35-39
3502,8,1.0,8120,40-44
3502,8,2.0,9230,40-44
3502,9,1.0,6580,45-49
3502,9,2.0,7470,45-49
3502,10,1.0,5630,50-54
3502,10,2.0,6140,50-54
3502,11,1.0,3960,55-59
3502,11,2.0,3940,55-59
3502,12,1.0,3540,60-64
3502,12,2.0,3290,60-64
3502,13,1.0,1370,65-69
3502,13,2.0,1910,65-69
3502,14,1.0,1310,70-74
3502,14,2.0,1540,70-74
3502,15,1.0,520,75-79
3502,15,2.0,590,75-79
3502,16,1.0,780,80+
3502,16,2.0,1030,80+
3503,0,1.0,10640,0-4
3503,0,2.0,11880,0-4
3503,1,1.0,10920,5-9
3503,1,2.0,11560,5-9
3503,2,1.0,10120,10-14
3503,2,2.0,9780,10-14
3503,3,1.0,8580,15-19
3503,3,2.0,8500,15-19
3503,4,1.0,5760,20-24
3503,4,2.0,6160,20-24
3503,5,1.0,4750,25-29
3503,5,2.0,5790,25-29
3503,6,1.0,3460,30-34
3503,6,2.0,4240,30-34
3503,7,1.0,2990,35-39
3503,7,2.0,3680,35-39
3503,8,1.0,2850,40-44
3503,8,2.0,3400,40-44
3503,9,1.0,2370,45-49
3503,9,2.0,2850,45-49
3503,10,1.0,2240,50-54
3503,10,2.0,2520,50-54
3503,11,1.0,1760,55-59
3503,11,2.0,1800,55-59
3503,12,1.0,1500,60-64
3503,12,2.0,1470,60-64
3503,13,1.0,860,65-69
3503,13,2.0,900,65-69
3503,14,1.0,590,70-74
3503,14,2.0,730,70-74
3503,15,1.0,290,75-79
3503,15,2.0,420,75-79
3503,16,1.0,550,80+
3503,16,2.0,500,80+
3601,0,1.0,14010,0-4
3601,0,2.0,14360,0-4
3601,1,1.0,13160,5-9
3601,1,2.0,13130,5-9
3601,2,1.0,12320,10-14
3601,2,2.0,11750,10-14
3601,3,1.0,11030,15-19
3601,3,2.0,12060,15-19
3601,4,1.0,7340,20-24
3601,4,2.0,8880,20-24
3601,5,1.0,6790,25-29
3601,5,2.0,7550,25-29
3601,6,1.0,5330,30-34
3601,6,2.0,5000,30-34
3601,7,1.0,4120,35-39
3601,7,2.0,4420,35-39
3601,8,1.0,3680,40-44
3601,8,2.0,3280,40-44
3601,9,1.0,2560,45-49
3601,9,2.0,2810,45-49
3601,10,1.0,2110,50-54
3601,10,2.0,2040,50-54
3601,11,1.0,1600,55-59
3601,11,2.0,1410,55-59
3601,12,1.0,1310,60-64
3601,12,2.0,1050,60-64
3601,13,1.0,650,65-69
3601,13,2.0,510,65-69
3601,14,1.0,390,70-74
3601,14,2.0,430,70-74
3601,15,1.0,140,75-79
3601,15,2.0,100,75-79
3601,16,1.0,210,80+
3601,16,2.0,170,80+
3602,0,1.0,19840,0-4
3602,0,2.0,20360,0-4
3602,1,1.0,19370,5-9
3602,1,2.0,20250,5-9
3602,2,1.0,16900,10-14
3602,2,2.0,16120,10-14
3602,3,1.0,16070,15-19
3602,3,2.0,17690,15-19
3602,4,1.0,11250,20-24
3602,4,2.0,13240,20-24
3602,5,1.0,10580,25-29
3602,5,2.0,11870,25-29
3602,6,1.0,8200,30-34
3602,6,2.0,8900,30-34
3602,7,1.0,6980,35-39
3602,7,2.0,6960,35-39
3602,8,1.0,5340,40-44
3602,8,2.0,5400,40-44
3602,9,1.0,4060,45-49
3602,9,2.0,4390,45-49
3602,10,1.0,3470,50-54
3602,10,2.0,3570,50-54
3602,11,1.0,2460,55-59
3602,11,2.0,2220,55-59
3602,12,1.0,1860,60-64
3602,12,2.0,1690,60-64
3602,13,1.0,940,65-69
3602,13,2.0,920,65-69
3602,14,1.0,650,70-74
3602,14,2.0,650,70-74
3602,15,1.0,270,75-79
3602,15,2.0,360,75-79
3602,16,1.0,340,80+
3602,16,2.0,430,80+
3603,0,1.0,20510,0-4
3603,0,2.0,22160,0-4
3603,1,1.0,21170,5-9
3603,1,2.0,20660,5-9
3603,2,1.0,16720,10-14
3603,2,2.0,17260,10-14
3603,3,1.0,17160,15-19
3603,3,2.0,17160,15-19
3603,4,1.0,10830,20-24
3603,4,2.0,13030,20-24
3603,5,1.0,9060,25-29
3603,5,2.0,10740,25-29
3603,6,1.0,7000,30-34
3603,6,2.0,7250,30-34
3603,7,1.0,5700,35-39
3603,7,2.0,6190,35-39
3603,8,1.0,4540,40-44
3603,8,2.0,4620,40-44
3603,9,1.0,3580,45-49
3603,9,2.0,3360,45-49
3603,10,1.0,3100,50-54
3603,10,2.0,2940,50-54
3603,11,1.0,2030,55-59
3603,11,2.0,2060,55-59
3603,12,1.0,1510,60-64
3603,12,2.0,1230,60-64
3603,13,1.0,690,65-69
3603,13,2.0,620,65-69
3603,14,1.0,570,70-74
3603,14,2.0,530,70-74
3603,15,1.0,200,75-79
3603,15,2.0,180,75-79
3603,16,1.0,310,80+
3603,16,2.0,310,80+
4101,0,1.0,2680,0-4
4101,0,2.0,2300,0-4
4101,1,1.0,2200,5-9
4101,1,2.0,2120,5-9
4101,2,1.0,1960,10-14
4101,2,2.0,2080,10-14
4101,3,1.0,1610,15-19
4101,3,2.0,1710,15-19
4101,4,1.0,1260,20-24
4101,4,2.0,1200,20-24
4101,5,1.0,1030,25-29
4101,5,2.0,1030,25-29
4101,6,1.0,810,30-34
4101,6,2.0,840,30-34
4101,7,1.0,650,35-39
4101,7,2.0,560,35-39
4101,8,1.0,710,40-44
4101,8,2.0,470,40-44
4101,9,1.0,320,45-49
4101,9,2.0,380,45-49
4101,10,1.0,270,50-54
4101,10,2.0,240,50-54
4101,11,1.0,330,55-59
4101,11,2.0,250,55-59
4101,12,1.0,180,60-64
4101,12,2.0,170,60-64
4101,13,1.0,110,65-69
4101,13,2.0,60,65-69
4101,14,1.0,50,70-74
4101,14,2.0,40,70-74
4101,15,1.0,20,75-79
4101,15,2.0,40,75-79
4101,16,1.0,50,80+
4101,16,2.0,70,80+
4102,0,1.0,17140,0-4
4102,0,2.0,17740,0-4
4102,1,1.0,15940,5-9
4102,1,2.0,15000,5-9
4102,2,1.0,14790,10-14
4102,2,2.0,14180,10-14
4102,3,1.0,13790,15-19
4102,3,2.0,15250,15-19
4102,4,1.0,9600,20-24
4102,4,2.0,11370,20-24
4102,5,1.0,9220,25-29
4102,5,2.0,8780,25-29
4102,6,1.0,6620,30-34
4102,6,2.0,7050,30-34
4102,7,1.0,6000,35-39
4102,7,2.0,6070,35-39
4102,8,1.0,5030,40-44
4102,8,2.0,4750,40-44
4102,9,1.0,3980,45-49
4102,9,2.0,3490,45-49
4102,10,1.0,3290,50-54
4102,10,2.0,2520,50-54
4102,11,1.0,2010,55-59
4102,11,2.0,1780,55-59
4102,12,1.0,1670,60-64
4102,12,2.0,1430,60-64
4102,13,1.0,750,65-69
4102,13,2.0,670,65-69
4102,14,1.0,530,70-74
4102,14,2.0,480,70-74
4102,15,1.0,270,75-79
4102,15,2.0,260,75-79
4102,16,1.0,240,80+
4102,16,2.0,560,80+
4103,0,1.0,11030,0-4
4103,0,2.0,10970,0-4
4103,1,1.0,9790,5-9
4103,1,2.0,10260,5-9
4103,2,1.0,8830,10-14
4103,2,2.0,9630,10-14
4103,3,1.0,9130,15-19
4103,3,2.0,10390,15-19
4103,4,1.0,6360,20-24
4103,4,2.0,7670,20-24
4103,5,1.0,6320,25-29
4103,5,2.0,6240,25-29
4103,6,1.0,4570,30-34
4103,6,2.0,4520,30-34
4103,7,1.0,3940,35-39
4103,7,2.0,4000,35-39
4103,8,1.0,3430,40-44
4103,8,2.0,3140,40-44
4103,9,1.0,2580,45-49
4103,9,2.0,2510,45-49
4103,10,1.0,2160,50-54
4103,10,2.0,1780,50-54
4103,11,1.0,1360,55-59
4103,11,2.0,1110,55-59
4103,12,1.0,1020,60-64
4103,12,2.0,1030,60-64
4103,13,1.0,740,65-69
4103,13,2.0,730,65-69
4103,14,1.0,460,70-74
4103,14,2.0,450,70-74
4103,15,1.0,180,75-79
4103,15,2.0,260,75-79
4103,16,1.0,280,80+
4103,16,2.0,310,80+
4201,0,1.0,21960,0-4
4201,0,2.0,22140,0-4
4201,1,1.0,18640,5-9
4201,1,2.0,19190,5-9
4201,2,1.0,16650,10-14
4201,2,2.0,16790,10-14
4201,3,1.0,14890,15-19
4201,3,2.0,17290,15-19
4201,4,1.0,10780,20-24
4201,4,2.0,12170,20-24
4201,5,1.0,9890,25-29
4201,5,2.0,10500,25-29
4201,6,1.0,8590,30-34
4201,6,2.0,8250,30-34
4201,7,1.0,6430,35-39
4201,7,2.0,6370,35-39
4201,8,1.0,5800,40-44
4201,8,2.0,5220,40-44
4201,9,1.0,4480,45-49
4201,9,2.0,3910,45-49
4201,10,1.0,3860,50-54
4201,10,2.0,3060,50-54
4201,11,1.0,2600,55-59
4201,11,2.0,2180,55-59
4201,12,1.0,2120,60-64
4201,12,2.0,1810,60-64
4201,13,1.0,1170,65-69
4201,13,2.0,1050,65-69
4201,14,1.0,1010,70-74
4201,14,2.0,800,70-74
4201,15,1.0,370,75-79
4201,15,2.0,430,75-79
4201,16,1.0,500,80+
4201,16,2.0,660,80+
4202,0,1.0,12710,0-4
4202,0,2.0,12850,0-4
4202,1,1.0,12170,5-9
4202,1,2.0,12430,5-9
4202,2,1.0,12690,10-14
4202,2,2.0,13680,10-14
4202,3,1.0,13920,15-19
4202,3,2.0,16830,15-19
4202,4,1.0,13220,20-24
4202,4,2.0,16170,20-24
4202,5,1.0,11280,25-29
4202,5,2.0,12830,25-29
4202,6,1.0,8610,30-34
4202,6,2.0,9780,30-34
4202,7,1.0,7740,35-39
4202,7,2.0,8730,35-39
4202,8,1.0,6940,40-44
4202,8,2.0,7320,40-44
4202,9,1.0,4970,45-49
4202,9,2.0,5280,45-49
4202,10,1.0,3770,50-54
4202,10,2.0,4080,50-54
4202,11,1.0,2950,55-59
4202,11,2.0,3590,55-59
4202,12,1.0,2960,60-64
4202,12,2.0,2540,60-64
4202,13,1.0,1830,65-69
4202,13,2.0,2030,65-69
4202,14,1.0,860,70-74
4202,14,2.0,840,70-74
4202,15,1.0,320,75-79
4202,15,2.0,570,75-79
4202,16,1.0,220,80+
4202,16,2.0,530,80+
4203,0,1.0,6770,0-4
4203,0,2.0,6890,0-4
4203,1,1.0,6670,5-9
4203,1,2.0,6520,5-9
4203,2,1.0,6210,10-14
4203,2,2.0,6110,10-14
4203,3,1.0,5250,15-19
4203,3,2.0,5820,15-19
4203,4,1.0,4000,20-24
4203,4,2.0,4450,20-24
4203,5,1.0,4070,25-29
4203,5,2.0,4100,25-29
4203,6,1.0,3130,30-34
4203,6,2.0,2980,30-34
4203,7,1.0,2350,35-39
4203,7,2.0,2440,35-39
4203,8,1.0,2210,40-44
4203,8,2.0,1960,40-44
4203,9,1.0,1650,45-49
4203,9,2.0,1600,45-49
4203,10,1.0,1410,50-54
4203,10,2.0,1260,50-54
4203,11,1.0,1020,55-59
4203,11,2.0,940,55-59
4203,12,1.0,950,60-64
4203,12,2.0,630,60-64
4203,13,1.0,510,65-69
4203,13,2.0,370,65-69
4203,14,1.0,290,70-74
4203,14,2.0,290,70-74
4203,15,1.0,240,75-79
4203,15,2.0,120,75-79
4203,16,1.0,150,80+
4203,16,2.0,420,80+
4204,0,1.0,13560,0-4
4204,0,2.0,14080,0-4
4204,1,1.0,14110,5-9
4204,1,2.0,12820,5-9
4204,2,1.0,13340,10-14
4204,2,2.0,13400,10-14
4204,3,1.0,12160,15-19
4204,3,2.0,13410,15-19
4204,4,1.0,8070,20-24
4204,4,2.0,9200,20-24
4204,5,1.0,7070,25-29
4204,5,2.0,7990,25-29
4204,6,1.0,6190,30-34
4204,6,2.0,6850,30-34
4204,7,1.0,5220,35-39
4204,7,2.0,5680,35-39
4204,8,1.0,4250,40-44
4204,8,2.0,4680,40-44
4204,9,1.0,4140,45-49
4204,9,2.0,3910,45-49
4204,10,1.0,3130,50-54
4204,10,2.0,2980,50-54
4204,11,1.0,2250,55-59
4204,11,2.0,1750,55-59
4204,12,1.0,1960,60-64
4204,12,2.0,2000,60-64
4204,13,1.0,1050,65-69
4204,13,2.0,940,65-69
4204,14,1.0,590,70-74
4204,14,2.0,700,70-74
4204,15,1.0,400,75-79
4204,15,2.0,450,75-79
4204,16,1.0,580,80+
4204,16,2.0,810,80+
4205,0,1.0,5920,0-4
4205,0,2.0,6100,0-4
4205,1,1.0,5890,5-9
4205,1,2.0,5970,5-9
4205,2,1.0,5640,10-14
4205,2,2.0,5630,10-14
4205,3,1.0,5470,15-19
4205,3,2.0,5590,15-19
4205,4,1.0,3400,20-24
4205,4,2.0,4110,20-24
4205,5,1.0,2990,25-29
4205,5,2.0,3260,25-29
4205,6,1.0,2110,30-34
4205,6,2.0,2440,30-34
4205,7,1.0,1940,35-39
4205,7,2.0,2240,35-39
4205,8,1.0,1660,40-44
4205,8,2.0,1590,40-44
4205,9,1.0,1330,45-49
4205,9,2.0,1400,45-49
4205,10,1.0,1280,50-54
4205,10,2.0,1030,50-54
4205,11,1.0,880,55-59
4205,11,2.0,760,55-59
4205,12,1.0,770,60-64
4205,12,2.0,690,60-64
4205,13,1.0,460,65-69
4205,13,2.0,430,65-69
4205,14,1.0,330,70-74
4205,14,2.0,330,70-74
4205,15,1.0,170,75-79
4205,15,2.0,170,75-79
4205,16,1.0,130,80+
4205,16,2.0,150,80+
4206,0,1.0,3700,0-4
4206,0,2.0,4010,0-4
4206,1,1.0,3430,5-9
4206,1,2.0,2970,5-9
4206,2,1.0,3210,10-14
4206,2,2.0,2830,10-14
4206,3,1.0,2990,15-19
4206,3,2.0,3000,15-19
4206,4,1.0,1690,20-24
4206,4,2.0,1980,20-24
4206,5,1.0,1570,25-29
4206,5,2.0,1730,25-29
4206,6,1.0,1270,30-34
4206,6,2.0,1340,30-34
4206,7,1.0,1170,35-39
4206,7,2.0,1340,35-39
4206,8,1.0,1200,40-44
4206,8,2.0,970,40-44
4206,9,1.0,780,45-49
4206,9,2.0,640,45-49
4206,10,1.0,650,50-54
4206,10,2.0,470,50-54
4206,11,1.0,390,55-59
4206,11,2.0,300,55-59
4206,12,1.0,420,60-64
4206,12,2.0,340,60-64
4206,13,1.0,150,65-69
4206,13,2.0,50,65-69
4206,14,1.0,170,70-74
4206,14,2.0,130,70-74
4206,15,1.0,80,75-79
4206,15,2.0,20,75-79
4206,16,1.0,160,80+
4206,16,2.0,130,80+
4301,0,1.0,3960,0-4
4301,0,2.0,3750,0-4
4301,1,1.0,3370,5-9
4301,1,2.0,3300,5-9
4301,2,1.0,2890,10-14
4301,2,2.0,2910,10-14
4301,3,1.0,2500,15-19
4301,3,2.0,2740,15-19
4301,4,1.0,1560,20-24
4301,4,2.0,2120,20-24
4301,5,1.0,1560,25-29
4301,5,2.0,1750,25-29
4301,6,1.0,1270,30-34
4301,6,2.0,1330,30-34
4301,7,1.0,1110,35-39
4301,7,2.0,1050,35-39
4301,8,1.0,930,40-44
4301,8,2.0,730,40-44
4301,9,1.0,720,45-49
4301,9,2.0,460,45-49
4301,10,1.0,580,50-54
4301,10,2.0,420,50-54
4301,11,1.0,310,55-59
4301,11,2.0,330,55-59
4301,12,1.0,300,60-64
4301,12,2.0,250,60-64
4301,13,1.0,150,65-69
4301,13,2.0,150,65-69
4301,14,1.0,90,70-74
4301,14,2.0,90,70-74
4301,15,1.0,40,75-79
4301,15,2.0,130,75-79
4301,16,1.0,120,80+
4301,16,2.0,130,80+
4302,0,1.0,4490,0-4
4302,0,2.0,4190,0-4
4302,1,1.0,4980,5-9
4302,1,2.0,4790,5-9
4302,2,1.0,4440,10-14
4302,2,2.0,4160,10-14
4302,3,1.0,3910,15-19
4302,3,2.0,4380,15-19
4302,4,1.0,2020,20-24
4302,4,2.0,2300,20-24
4302,5,1.0,2040,25-29
4302,5,2.0,2380,25-29
4302,6,1.0,1500,30-34
4302,6,2.0,1770,30-34
4302,7,1.0,1420,35-39
4302,7,2.0,1380,35-39
4302,8,1.0,1160,40-44
4302,8,2.0,1220,40-44
4302,9,1.0,1020,45-49
4302,9,2.0,810,45-49
4302,10,1.0,800,50-54
4302,10,2.0,490,50-54
4302,11,1.0,480,55-59
4302,11,2.0,380,55-59
4302,12,1.0,410,60-64
4302,12,2.0,290,60-64
4302,13,1.0,100,65-69
4302,13,2.0,240,65-69
4302,14,1.0,210,70-74
4302,14,2.0,140,70-74
4302,15,1.0,60,75-79
4302,15,2.0,60,75-79
4302,16,1.0,100,80+
4302,16,2.0,160,80+
4303,0,1.0,5540,0-4
4303,0,2.0,4810,0-4
4303,1,1.0,4420,5-9
4303,1,2.0,4640,5-9
4303,2,1.0,3880,10-14
4303,2,2.0,3690,10-14
4303,3,1.0,3760,15-19
4303,3,2.0,3920,15-19
4303,4,1.0,2530,20-24
4303,4,2.0,3560,20-24
4303,5,1.0,2380,25-29
4303,5,2.0,2740,25-29
4303,6,1.0,2020,30-34
4303,6,2.0,1940,30-34
4303,7,1.0,1400,35-39
4303,7,2.0,1590,35-39
4303,8,1.0,1250,40-44
4303,8,2.0,1070,40-44
4303,9,1.0,960,45-49
4303,9,2.0,980,45-49
4303,10,1.0,890,50-54
4303,10,2.0,720,50-54
4303,11,1.0,580,55-59
4303,11,2.0,420,55-59
4303,12,1.0,670,60-64
4303,12,2.0,490,60-64
4303,13,1.0,290,65-69
4303,13,2.0,110,65-69
4303,14,1.0,220,70-74
4303,14,2.0,210,70-74
4303,15,1.0,90,75-79
4303,15,2.0,100,75-79
4303,16,1.0,120,80+
4303,16,2.0,190,80+
4304,0,1.0,8810,0-4
4304,0,2.0,9250,0-4
4304,1,1.0,8710,5-9
4304,1,2.0,8500,5-9
4304,2,1.0,7900,10-14
4304,2,2.0,7590,10-14
4304,3,1.0,6370,15-19
4304,3,2.0,7440,15-19
4304,4,1.0,3940,20-24
4304,4,2.0,5200,20-24
4304,5,1.0,4190,25-29
4304,5,2.0,4480,25-29
4304,6,1.0,3220,30-34
4304,6,2.0,3420,30-34
4304,7,1.0,2690,35-39
4304,7,2.0,2610,35-39
4304,8,1.0,2450,40-44
4304,8,2.0,1890,40-44
4304,9,1.0,1680,45-49
4304,9,2.0,1550,45-49
4304,10,1.0,1650,50-54
4304,10,2.0,1280,50-54
4304,11,1.0,1060,55-59
4304,11,2.0,880,55-59
4304,12,1.0,810,60-64
4304,12,2.0,700,60-64
4304,13,1.0,480,65-69
4304,13,2.0,370,65-69
4304,14,1.0,170,70-74
4304,14,2.0,350,70-74
4304,15,1.0,160,75-79
4304,15,2.0,210,75-79
4304,16,1.0,240,80+
4304,16,2.0,240,80+
4305,0,1.0,3280,0-4
4305,0,2.0,2660,0-4
4305,1,1.0,2780,5-9
4305,1,2.0,2610,5-9
4305,2,1.0,2100,10-14
4305,2,2.0,2030,10-14
4305,3,1.0,2110,15-19
4305,3,2.0,2260,15-19
4305,4,1.0,1300,20-24
4305,4,2.0,1720,20-24
4305,5,1.0,1510,25-29
4305,5,2.0,1530,25-29
4305,6,1.0,990,30-34
4305,6,2.0,980,30-34
4305,7,1.0,800,35-39
4305,7,2.0,730,35-39
4305,8,1.0,680,40-44
4305,8,2.0,700,40-44
4305,9,1.0,610,45-49
4305,9,2.0,440,45-49
4305,10,1.0,480,50-54
4305,10,2.0,450,50-54
4305,11,1.0,430,55-59
4305,11,2.0,350,55-59
4305,12,1.0,400,60-64
4305,12,2.0,310,60-64
4305,13,1.0,140,65-69
4305,13,2.0,80,65-69
4305,14,1.0,100,70-74
4305,14,2.0,60,70-74
4305,15,1.0,110,75-79
4305,15,2.0,50,75-79
4305,16,1.0,50,80+
4305,16,2.0,90,80+
4401,0,1.0,12560,0-4
4401,0,2.0,13030,0-4
4401,1,1.0,12490,5-9
4401,1,2.0,12370,5-9
4401,2,1.0,11420,10-14
4401,2,2.0,11070,10-14
4401,3,1.0,9120,15-19
4401,3,2.0,10430,15-19
4401,4,1.0,7010,20-24
4401,4,2.0,7910,20-24
4401,5,1.0,5750,25-29
4401,5,2.0,6910,25-29
4401,6,1.0,4650,30-34
4401,6,2.0,5380,30-34
4401,7,1.0,4130,35-39
4401,7,2.0,4150,35-39
4401,8,1.0,3310,40-44
4401,8,2.0,3390,40-44
4401,9,1.0,2530,45-49
4401,9,2.0,2670,45-49
4401,10,1.0,2430,50-54
4401,10,2.0,2140,50-54
4401,11,1.0,1640,55-59
4401,11,2.0,1620,55-59
4401,12,1.0,1500,60-64
4401,12,2.0,1360,60-64
4401,13,1.0,770,65-69
4401,13,2.0,720,65-69
4401,14,1.0,600,70-74
4401,14,2.0,730,70-74
4401,15,1.0,360,75-79
4401,15,2.0,340,75-79
4401,16,1.0,1090,80+
4401,16,2.0,1460,80+
4402,0,1.0,12100,0-4
4402,0,2.0,11970,0-4
4402,1,1.0,12020,5-9
4402,1,2.0,11760,5-9
4402,2,1.0,12380,10-14
4402,2,2.0,12270,10-14
4402,3,1.0,11140,15-19
4402,3,2.0,11410,15-19
4402,4,1.0,7800,20-24
4402,4,2.0,8830,20-24
4402,5,1.0,6380,25-29
4402,5,2.0,7710,25-29
4402,6,1.0,4960,30-34
4402,6,2.0,5850,30-34
4402,7,1.0,4320,35-39
4402,7,2.0,4800,35-39
4402,8,1.0,3660,40-44
4402,8,2.0,3780,40-44
4402,9,1.0,2970,45-49
4402,9,2.0,2970,45-49
4402,10,1.0,2390,50-54
4402,10,2.0,2650,50-54
4402,11,1.0,1800,55-59
4402,11,2.0,1890,55-59
4402,12,1.0,1470,60-64
4402,12,2.0,1540,60-64
4402,13,1.0,830,65-69
4402,13,2.0,890,65-69
4402,14,1.0,500,70-74
4402,14,2.0,710,70-74
4402,15,1.0,240,75-79
4402,15,2.0,290,75-79
4402,16,1.0,550,80+
4402,16,2.0,710,80+
4403,0,1.0,13260,0-4
4403,0,2.0,13880,0-4
4403,1,1.0,13880,5-9
4403,1,2.0,13900,5-9
4403,2,1.0,13050,10-14
4403,2,2.0,13160,10-14
4403,3,1.0,11850,15-19
4403,3,2.0,12650,15-19
4403,4,1.0,8130,20-24
4403,4,2.0,9510,20-24
4403,5,1.0,7360,25-29
4403,5,2.0,8090,25-29
4403,6,1.0,5520,30-34
4403,6,2.0,5750,30-34
4403,7,1.0,5010,35-39
4403,7,2.0,5000,35-39
4403,8,1.0,3930,40-44
4403,8,2.0,3820,40-44
4403,9,1.0,3360,45-49
4403,9,2.0,3290,45-49
4403,10,1.0,2360,50-54
4403,10,2.0,2160,50-54
4403,11,1.0,2000,55-59
4403,11,2.0,1720,55-59
4403,12,1.0,1630,60-64
4403,12,2.0,1530,60-64
4403,13,1.0,790,65-69
4403,13,2.0,680,65-69
4403,14,1.0,520,70-74
4403,14,2.0,640,70-74
4403,15,1.0,380,75-79
4403,15,2.0,280,75-79
4403,16,1.0,370,80+
4403,16,2.0,610,80+
4404,0,1.0,18030,0-4
4404,0,2.0,18410,0-4
4404,1,1.0,17970,5-9
4404,1,2.0,18280,5-9
4404,2,1.0,17980,10-14
4404,2,2.0,16980,10-14
4404,3,1.0,16300,15-19
4404,3,2.0,18160,15-19
4404,4,1.0,11000,20-24
4404,4,2.0,12180,20-24
4404,5,1.0,9190,25-29
4404,5,2.0,10410,25-29
4404,6,1.0,7050,30-34
4404,6,2.0,7620,30-34
4404,7,1.0,5900,35-39
4404,7,2.0,6640,35-39
4404,8,1.0,5260,40-44
4404,8,2.0,5010,40-44
4404,9,1.0,4620,45-49
4404,9,2.0,4440,45-49
4404,10,1.0,3920,50-54
4404,10,2.0,3730,50-54
4404,11,1.0,2450,55-59
4404,11,2.0,2420,55-59
4404,12,1.0,2440,60-64
4404,12,2.0,2330,60-64
4404,13,1.0,950,65-69
4404,13,2.0,1120,65-69
4404,14,1.0,890,70-74
4404,14,2.0,910,70-74
4404,15,1.0,480,75-79
4404,15,2.0,540,75-79
4404,16,1.0,660,80+
4404,16,2.0,670,80+
4405,0,1.0,14710,0-4
4405,0,2.0,14610,0-4
4405,1,1.0,13990,5-9
4405,1,2.0,13850,5-9
4405,2,1.0,12660,10-14
4405,2,2.0,12910,10-14
4405,3,1.0,11850,15-19
4405,3,2.0,12410,15-19
4405,4,1.0,8000,20-24
4405,4,2.0,8730,20-24
4405,5,1.0,7150,25-29
4405,5,2.0,8450,25-29
4405,6,1.0,5980,30-34
4405,6,2.0,5570,30-34
4405,7,1.0,4840,35-39
4405,7,2.0,5230,35-39
4405,8,1.0,4150,40-44
4405,8,2.0,3400,40-44
4405,9,1.0,3310,45-49
4405,9,2.0,2830,45-49
4405,10,1.0,2210,50-54
4405,10,2.0,1980,50-54
4405,11,1.0,1530,55-59
4405,11,2.0,1460,55-59
4405,12,1.0,1230,60-64
4405,12,2.0,1130,60-64
4405,13,1.0,770,65-69
4405,13,2.0,690,65-69
4405,14,1.0,550,70-74
4405,14,2.0,510,70-74
4405,15,1.0,240,75-79
4405,15,2.0,250,75-79
4405,16,1.0,320,80+
4405,16,2.0,580,80+
4406,0,1.0,19490,0-4
4406,0,2.0,21190,0-4
4406,1,1.0,21480,5-9
4406,1,2.0,21670,5-9
4406,2,1.0,21010,10-14
4406,2,2.0,21380,10-14
4406,3,1.0,19650,15-19
4406,3,2.0,20350,15-19
4406,4,1.0,12980,20-24
4406,4,2.0,14400,20-24
4406,5,1.0,11140,25-29
4406,5,2.0,12300,25-29
4406,6,1.0,8620,30-34
4406,6,2.0,8580,30-34
4406,7,1.0,7720,35-39
4406,7,2.0,8020,35-39
4406,8,1.0,5870,40-44
4406,8,2.0,5870,40-44
4406,9,1.0,5780,45-49
4406,9,2.0,5540,45-49
4406,10,1.0,4390,50-54
4406,10,2.0,3820,50-54
4406,11,1.0,3000,55-59
4406,11,2.0,2940,55-59
4406,12,1.0,2200,60-64
4406,12,2.0,2120,60-64
4406,13,1.0,1110,65-69
4406,13,2.0,1340,65-69
4406,14,1.0,1090,70-74
4406,14,2.0,1150,70-74
4406,15,1.0,580,75-79
4406,15,2.0,510,75-79
4406,16,1.0,770,80+
4406,16,2.0,870,80+
4407,0,1.0,17650,0-4
4407,0,2.0,16710,0-4
4407,1,1.0,16910,5-9
4407,1,2.0,16760,5-9
4407,2,1.0,17430,10-14
4407,2,2.0,15490,10-14
4407,3,1.0,15290,15-19
4407,3,2.0,15740,15-19
4407,4,1.0,9790,20-24
4407,4,2.0,11560,20-24
4407,5,1.0,8580,25-29
4407,5,2.0,9600,25-29
4407,6,1.0,6010,30-34
4407,6,2.0,7230,30-34
4407,7,1.0,6010,35-39
4407,7,2.0,5820,35-39
4407,8,1.0,4690,40-44
4407,8,2.0,4490,40-44
4407,9,1.0,3550,45-49
4407,9,2.0,3350,45-49
4407,10,1.0,2910,50-54
4407,10,2.0,2960,50-54
4407,11,1.0,2100,55-59
4407,11,2.0,1720,55-59
4407,12,1.0,1940,60-64
4407,12,2.0,1770,60-64
4407,13,1.0,880,65-69
4407,13,2.0,1040,65-69
4407,14,1.0,660,70-74
4407,14,2.0,690,70-74
4407,15,1.0,520,75-79
4407,15,2.0,590,75-79
4407,16,1.0,1220,80+
4407,16,2.0,1210,80+
5101,0,1.0,22890,0-4
5101,0,2.0,24010,0-4
5101,1,1.0,22110,5-9
5101,1,2.0,21820,5-9
5101,2,1.0,23210,10-14
5101,2,2.0,22320,10-14
5101,3,1.0,21440,15-19
5101,3,2.0,21610,15-19
5101,4,1.0,15460,20-24
5101,4,2.0,16940,20-24
5101,5,1.0,13830,25-29
5101,5,2.0,13670,25-29
5101,6,1.0,10870,30-34
5101,6,2.0,10580,30-34
5101,7,1.0,10220,35-39
5101,7,2.0,10580,35-39
5101,8,1.0,9040,40-44
5101,8,2.0,9410,40-44
5101,9,1.0,7360,45-49
5101,9,2.0,7830,45-49
5101,10,1.0,6120,50-54
5101,10,2.0,5670,50-54
5101,11,1.0,4460,55-59
5101,11,2.0,4530,55-59
5101,12,1.0,3580,60-64
5101,12,2.0,3590,60-64
5101,13,1.0,2320,65-69
5101,13,2.0,2380,65-69
5101,14,1.0,1160,70-74
5101,14,2.0,1370,70-74
5101,15,1.0,750,75-79
5101,15,2.0,700,75-79
5101,16,1.0,600,80+
5101,16,2.0,930,80+
5102,0,1.0,20950,0-4
5102,0,2.0,21020,0-4
5102,1,1.0,20690,5-9
5102,1,2.0,20620,5-9
5102,2,1.0,21750,10-14
5102,2,2.0,20490,10-14
5102,3,1.0,19700,15-19
5102,3,2.0,20280,15-19
5102,4,1.0,13690,20-24
5102,4,2.0,14700,20-24
5102,5,1.0,12830,25-29
5102,5,2.0,12480,25-29
5102,6,1.0,10100,30-34
5102,6,2.0,10150,30-34
5102,7,1.0,10070,35-39
5102,7,2.0,9880,35-39
5102,8,1.0,8740,40-44
5102,8,2.0,8500,40-44
5102,9,1.0,7250,45-49
5102,9,2.0,6660,45-49
5102,10,1.0,5700,50-54
5102,10,2.0,5410,50-54
5102,11,1.0,4240,55-59
5102,11,2.0,3740,55-59
5102,12,1.0,3080,60-64
5102,12,2.0,2940,60-64
5102,13,1.0,1830,65-69
5102,13,2.0,1800,65-69
5102,14,1.0,1050,70-74
5102,14,2.0,1230,70-74
5102,15,1.0,680,75-79
5102,15,2.0,870,75-79
5102,16,1.0,710,80+
5102,16,2.0,710,80+
5103,0,1.0,8920,0-4
5103,0,2.0,8360,0-4
5103,1,1.0,6830,5-9
5103,1,2.0,7330,5-9
5103,2,1.0,7090,10-14
5103,2,2.0,6710,10-14
5103,3,1.0,6440,15-19
5103,3,2.0,6650,15-19
5103,4,1.0,4480,20-24
5103,4,2.0,4750,20-24
5103,5,1.0,3770,25-29
5103,5,2.0,4140,25-29
5103,6,1.0,3150,30-34
5103,6,2.0,3130,30-34
5103,7,1.0,2670,35-39
5103,7,2.0,3050,35-39
5103,8,1.0,2720,40-44
5103,8,2.0,2610,40-44
5103,9,1.0,2080,45-49
5103,9,2.0,2040,45-49
5103,10,1.0,1470,50-54
5103,10,2.0,1300,50-54
5103,11,1.0,1120,55-59
5103,11,2.0,970,55-59
5103,12,1.0,810,60-64
5103,12,2.0,900,60-64
5103,13,1.0,580,65-69
5103,13,2.0,530,65-69
5103,14,1.0,330,70-74
5103,14,2.0,380,70-74
5103,15,1.0,250,75-79
5103,15,2.0,220,75-79
5103,16,1.0,170,80+
5103,16,2.0,240,80+
5104,0,1.0,9830,0-4
5104,0,2.0,9840,0-4
5104,1,1.0,8480,5-9
5104,1,2.0,8370,5-9
5104,2,1.0,7510,10-14
5104,2,2.0,7790,10-14
5104,3,1.0,6570,15-19
5104,3,2.0,7030,15-19
5104,4,1.0,4850,20-24
5104,4,2.0,5310,20-24
5104,5,1.0,3880,25-29
5104,5,2.0,4370,25-29
5104,6,1.0,3190,30-34
5104,6,2.0,3290,30-34
5104,7,1.0,2650,35-39
5104,7,2.0,2530,35-39
5104,8,1.0,2200,40-44
5104,8,2.0,2210,40-44
5104,9,1.0,1560,45-49
5104,9,2.0,1860,45-49
5104,10,1.0,1610,50-54
5104,10,2.0,1430,50-54
5104,11,1.0,1060,55-59
5104,11,2.0,970,55-59
5104,12,1.0,840,60-64
5104,12,2.0,800,60-64
5104,13,1.0,510,65-69
5104,13,2.0,500,65-69
5104,14,1.0,310,70-74
5104,14,2.0,370,70-74
5104,15,1.0,190,75-79
5104,15,2.0,150,75-79
5104,16,1.0,340,80+
5104,16,2.0,310,80+
5105,0,1.0,24950,0-4
5105,0,2.0,26260,0-4
5105,1,1.0,23020,5-9
5105,1,2.0,22870,5-9
5105,2,1.0,22720,10-14
5105,2,2.0,22850,10-14
5105,3,1.0,21320,15-19
5105,3,2.0,21450,15-19
5105,4,1.0,15470,20-24
5105,4,2.0,15590,20-24
5105,5,1.0,13750,25-29
5105,5,2.0,13990,25-29
5105,6,1.0,9930,30-34
5105,6,2.0,10160,30-34
5105,7,1.0,10180,35-39
5105,7,2.0,10090,35-39
5105,8,1.0,8720,40-44
5105,8,2.0,8430,40-44
5105,9,1.0,7150,45-49
5105,9,2.0,7300,45-49
5105,10,1.0,5490,50-54
5105,10,2.0,5170,50-54
5105,11,1.0,4350,55-59
5105,11,2.0,3990,55-59
5105,12,1.0,3400,60-64
5105,12,2.0,3240,60-64
5105,13,1.0,2080,65-69
5105,13,2.0,2090,65-69
5105,14,1.0,1260,70-74
5105,14,2.0,1160,70-74
5105,15,1.0,690,75-79
5105,15,2.0,700,75-79
5105,16,1.0,590,80+
5105,16,2.0,840,80+
5201,0,1.0,16500,0-4
5201,0,2.0,16500,0-4
5201,1,1.0,15760,5-9
5201,1,2.0,15560,5-9
5201,2,1.0,17800,10-14
5201,2,2.0,17260,10-14
5201,3,1.0,20880,15-19
5201,3,2.0,21730,15-19
5201,4,1.0,14260,20-24
5201,4,2.0,15780,20-24
5201,5,1.0,11200,25-29
5201,5,2.0,12490,25-29
5201,6,1.0,9500,30-34
5201,6,2.0,10550,30-34
5201,7,1.0,8540,35-39
5201,7,2.0,9400,35-39
5201,8,1.0,7050,40-44
5201,8,2.0,7520,40-44
5201,9,1.0,6750,45-49
5201,9,2.0,6500,45-49
5201,10,1.0,4940,50-54
5201,10,2.0,5080,50-54
5201,11,1.0,3490,55-59
5201,11,2.0,3710,55-59
5201,12,1.0,2920,60-64
5201,12,2.0,2880,60-64
5201,13,1.0,1430,65-69
5201,13,2.0,1590,65-69
5201,14,1.0,1050,70-74
5201,14,2.0,1370,70-74
5201,15,1.0,690,75-79
5201,15,2.0,650,75-79
5201,16,1.0,930,80+
5201,16,2.0,1080,80+
5202,0,1.0,17760,0-4
5202,0,2.0,17450,0-4
5202,1,1.0,14460,5-9
5202,1,2.0,14090,5-9
5202,2,1.0,15010,10-14
5202,2,2.0,13710,10-14
5202,3,1.0,14520,15-19
5202,3,2.0,16160,15-19
5202,4,1.0,12350,20-24
5202,4,2.0,13620,20-24
5202,5,1.0,10840,25-29
5202,5,2.0,11630,25-29
5202,6,1.0,7450,30-34
5202,6,2.0,7500,30-34
5202,7,1.0,8240,35-39
5202,7,2.0,7230,35-39
5202,8,1.0,5520,40-44
5202,8,2.0,4710,40-44
5202,9,1.0,4260,45-49
5202,9,2.0,3800,45-49
5202,10,1.0,3250,50-54
5202,10,2.0,3230,50-54
5202,11,1.0,2700,55-59
5202,11,2.0,2390,55-59
5202,12,1.0,1900,60-64
5202,12,2.0,1570,60-64
5202,13,1.0,1190,65-69
5202,13,2.0,1140,65-69
5202,14,1.0,550,70-74
5202,14,2.0,860,70-74
5202,15,1.0,440,75-79
5202,15,2.0,510,75-79
5202,16,1.0,550,80+
5202,16,2.0,600,80+
5203,0,1.0,16330,0-4
5203,0,2.0,15410,0-4
5203,1,1.0,13660,5-9
5203,1,2.0,13740,5-9
5203,2,1.0,15090,10-14
5203,2,2.0,15030,10-14
5203,3,1.0,15170,15-19
5203,3,2.0,15570,15-19
5203,4,1.0,11440,20-24
5203,4,2.0,12320,20-24
5203,5,1.0,10140,25-29
5203,5,2.0,10640,25-29
5203,6,1.0,7710,30-34
5203,6,2.0,8230,30-34
5203,7,1.0,7190,35-39
5203,7,2.0,8030,35-39
5203,8,1.0,5820,40-44
5203,8,2.0,6230,40-44
5203,9,1.0,4760,45-49
5203,9,2.0,5250,45-49
5203,10,1.0,4290,50-54
5203,10,2.0,4540,50-54
5203,11,1.0,3150,55-59
5203,11,2.0,3910,55-59
5203,12,1.0,2610,60-64
5203,12,2.0,2580,60-64
5203,13,1.0,1480,65-69
5203,13,2.0,1580,65-69
5203,14,1.0,760,70-74
5203,14,2.0,1230,70-74
5203,15,1.0,670,75-79
5203,15,2.0,990,75-79
5203,16,1.0,610,80+
5203,16,2.0,1030,80+
5204,0,1.0,1400,0-4
5204,0,2.0,1400,0-4
5204,1,1.0,1320,5-9
5204,1,2.0,1380,5-9
5204,2,1.0,1360,10-14
5204,2,2.0,1350,10-14
5204,3,1.0,1290,15-19
5204,3,2.0,1560,15-19
5204,4,1.0,980,20-24
5204,4,2.0,1470,20-24
5204,5,1.0,1260,25-29
5204,5,2.0,1420,25-29
5204,6,1.0,900,30-34
5204,6,2.0,1210,30-34
5204,7,1.0,860,35-39
5204,7,2.0,980,35-39
5204,8,1.0,630,40-44
5204,8,2.0,760,40-44
5204,9,1.0,700,45-49
5204,9,2.0,800,45-49
5204,10,1.0,510,50-54
5204,10,2.0,530,50-54
5204,11,1.0,440,55-59
5204,11,2.0,400,55-59
5204,12,1.0,310,60-64
5204,12,2.0,410,60-64
5204,13,1.0,150,65-69
5204,13,2.0,160,65-69
5204,14,1.0,70,70-74
5204,14,2.0,140,70-74
5204,15,1.0,110,75-79
5204,15,2.0,80,75-79
5204,16,1.0,90,80+
5204,16,2.0,140,80+
5205,0,1.0,8200,0-4
5205,0,2.0,9010,0-4
5205,1,1.0,8660,5-9
5205,1,2.0,8860,5-9
5205,2,1.0,9080,10-14
5205,2,2.0,8690,10-14
5205,3,1.0,9550,15-19
5205,3,2.0,10100,15-19
5205,4,1.0,6660,20-24
5205,4,2.0,7160,20-24
5205,5,1.0,5630,25-29
5205,5,2.0,6180,25-29
5205,6,1.0,4150,30-34
5205,6,2.0,4580,30-34
5205,7,1.0,4170,35-39
5205,7,2.0,4270,35-39
5205,8,1.0,3190,40-44
5205,8,2.0,3140,40-44
5205,9,1.0,2890,45-49
5205,9,2.0,2810,45-49
5205,10,1.0,2510,50-54
5205,10,2.0,1990,50-54
5205,11,1.0,1460,55-59
5205,11,2.0,1100,55-59
5205,12,1.0,1220,60-64
5205,12,2.0,980,60-64
5205,13,1.0,550,65-69
5205,13,2.0,420,65-69
5205,14,1.0,560,70-74
5205,14,2.0,660,70-74
5205,15,1.0,210,75-79
5205,15,2.0,270,75-79
5205,16,1.0,290,80+
5205,16,2.0,480,80+
5206,0,1.0,13290,0-4
5206,0,2.0,14050,0-4
5206,1,1.0,12280,5-9
5206,1,2.0,11910,5-9
5206,2,1.0,13110,10-14
5206,2,2.0,12020,10-14
5206,3,1.0,14240,15-19
5206,3,2.0,14020,15-19
5206,4,1.0,8440,20-24
5206,4,2.0,9360,20-24
5206,5,1.0,7490,25-29
5206,5,2.0,7980,25-29
5206,6,1.0,6070,30-34
5206,6,2.0,6210,30-34
5206,7,1.0,6110,35-39
5206,7,2.0,5560,35-39
5206,8,1.0,4750,40-44
5206,8,2.0,4310,40-44
5206,9,1.0,3930,45-49
5206,9,2.0,3720,45-49
5206,10,1.0,3290,50-54
5206,10,2.0,3190,50-54
5206,11,1.0,2460,55-59
5206,11,2.0,1890,55-59
5206,12,1.0,1630,60-64
5206,12,2.0,1550,60-64
5206,13,1.0,760,65-69
5206,13,2.0,1040,65-69
5206,14,1.0,720,70-74
5206,14,2.0,860,70-74
5206,15,1.0,310,75-79
5206,15,2.0,320,75-79
5206,16,1.0,500,80+
5206,16,2.0,620,80+
5301,0,1.0,5630,0-4
5301,0,2.0,5420,0-4
5301,1,1.0,4990,5-9
5301,1,2.0,4760,5-9
5301,2,1.0,4420,10-14
5301,2,2.0,4360,10-14
5301,3,1.0,3620,15-19
5301,3,2.0,4060,15-19
5301,4,1.0,2350,20-24
5301,4,2.0,2660,20-24
5301,5,1.0,1990,25-29
5301,5,2.0,2490,25-29
5301,6,1.0,2100,30-34
5301,6,2.0,2010,30-34
5301,7,1.0,1730,35-39
5301,7,2.0,1470,35-39
5301,8,1.0,1350,40-44
5301,8,2.0,1360,40-44
5301,9,1.0,950,45-49
5301,9,2.0,950,45-49
5301,10,1.0,830,50-54
5301,10,2.0,800,50-54
5301,11,1.0,630,55-59
5301,11,2.0,590,55-59
5301,12,1.0,430,60-64
5301,12,2.0,360,60-64
5301,13,1.0,290,65-69
5301,13,2.0,270,65-69
5301,14,1.0,120,70-74
5301,14,2.0,220,70-74
5301,15,1.0,100,75-79
5301,15,2.0,100,75-79
5301,16,1.0,90,80+
5301,16,2.0,60,80+
5302,0,1.0,13980,0-4
5302,0,2.0,14740,0-4
5302,1,1.0,12850,5-9
5302,1,2.0,13160,5-9
5302,2,1.0,13580,10-14
5302,2,2.0,13730,10-14
5302,3,1.0,12570,15-19
5302,3,2.0,13400,15-19
5302,4,1.0,8590,20-24
5302,4,2.0,10160,20-24
5302,5,1.0,8360,25-29
5302,5,2.0,8270,25-29
5302,6,1.0,6840,30-34
5302,6,2.0,7000,30-34
5302,7,1.0,5960,35-39
5302,7,2.0,5840,35-39
5302,8,1.0,4610,40-44
5302,8,2.0,4960,40-44
5302,9,1.0,3990,45-49
5302,9,2.0,3970,45-49
5302,10,1.0,3470,50-54
5302,10,2.0,3310,50-54
5302,11,1.0,2540,55-59
5302,11,2.0,2260,55-59
5302,12,1.0,2010,60-64
5302,12,2.0,1940,60-64
5302,13,1.0,1170,65-69
5302,13,2.0,1300,65-69
5302,14,1.0,670,70-74
5302,14,2.0,850,70-74
5302,15,1.0,640,75-79
5302,15,2.0,390,75-79
5302,16,1.0,740,80+
5302,16,2.0,650,80+
5303,0,1.0,23600,0-4
5303,0,2.0,24910,0-4
5303,1,1.0,22190,5-9
5303,1,2.0,22170,5-9
5303,2,1.0,17610,10-14
5303,2,2.0,18810,10-14
5303,3,1.0,18020,15-19
5303,3,2.0,18110,15-19
5303,4,1.0,12160,20-24
5303,4,2.0,13750,20-24
5303,5,1.0,10550,25-29
5303,5,2.0,11510,25-29
5303,6,1.0,7960,30-34
5303,6,2.0,8110,30-34
5303,7,1.0,6670,35-39
5303,7,2.0,6840,35-39
5303,8,1.0,5670,40-44
5303,8,2.0,5540,40-44
5303,9,1.0,4560,45-49
5303,9,2.0,4730,45-49
5303,10,1.0,3560,50-54
5303,10,2.0,3660,50-54
5303,11,1.0,3290,55-59
5303,11,2.0,2790,55-59
5303,12,1.0,1850,60-64
5303,12,2.0,2020,60-64
5303,13,1.0,1210,65-69
5303,13,2.0,930,65-69
5303,14,1.0,730,70-74
5303,14,2.0,830,70-74
5303,15,1.0,530,75-79
5303,15,2.0,460,75-79
5303,16,1.0,420,80+
5303,16,2.0,630,80+
5304,0,1.0,14890,0-4
5304,0,2.0,15090,0-4
5304,1,1.0,12010,5-9
5304,1,2.0,11850,5-9
5304,2,1.0,11050,10-14
5304,2,2.0,11090,10-14
5304,3,1.0,9160,15-19
5304,3,2.0,9650,15-19
5304,4,1.0,7220,20-24
5304,4,2.0,7800,20-24
5304,5,1.0,5660,25-29
5304,5,2.0,6000,25-29
5304,6,1.0,4520,30-34
5304,6,2.0,4680,30-34
5304,7,1.0,3920,35-39
5304,7,2.0,4200,35-39
5304,8,1.0,2870,40-44
5304,8,2.0,3110,40-44
5304,9,1.0,2750,45-49
5304,9,2.0,2990,45-49
5304,10,1.0,2200,50-54
5304,10,2.0,2450,50-54
5304,11,1.0,2110,55-59
5304,11,2.0,1950,55-59
5304,12,1.0,1270,60-64
5304,12,2.0,1400,60-64
5304,13,1.0,820,65-69
5304,13,2.0,690,65-69
5304,14,1.0,500,70-74
5304,14,2.0,430,70-74
5304,15,1.0,200,75-79
5304,15,2.0,220,75-79
5304,16,1.0,140,80+
5304,16,2.0,260,80+
5305,0,1.0,16920,0-4
5305,0,2.0,17280,0-4
5305,1,1.0,15820,5-9
5305,1,2.0,16590,5-9
5305,2,1.0,15010,10-14
5305,2,2.0,16420,10-14
5305,3,1.0,17320,15-19
5305,3,2.0,22270,15-19
5305,4,1.0,16620,20-24
5305,4,2.0,21140,20-24
5305,5,1.0,16530,25-29
5305,5,2.0,18510,25-29
5305,6,1.0,13240,30-34
5305,6,2.0,13320,30-34
5305,7,1.0,10200,35-39
5305,7,2.0,12110,35-39
5305,8,1.0,9380,40-44
5305,8,2.0,8330,40-44
5305,9,1.0,6680,45-49
5305,9,2.0,6880,45-49
5305,10,1.0,5390,50-54
5305,10,2.0,5180,50-54
5305,11,1.0,3650,55-59
5305,11,2.0,4320,55-59
5305,12,1.0,2940,60-64
5305,12,2.0,2950,60-64
5305,13,1.0,1460,65-69
5305,13,2.0,1960,65-69
5305,14,1.0,1050,70-74
5305,14,2.0,1160,70-74
5305,15,1.0,360,75-79
5305,15,2.0,690,75-79
5305,16,1.0,290,80+
5305,16,2.0,850,80+
5306,0,1.0,17500,0-4
5306,0,2.0,18300,0-4
5306,1,1.0,16770,5-9
5306,1,2.0,16760,5-9
5306,2,1.0,16190,10-14
5306,2,2.0,16660,10-14
5306,3,1.0,16660,15-19
5306,3,2.0,16950,15-19
5306,4,1.0,11260,20-24
5306,4,2.0,12350,20-24
5306,5,1.0,10300,25-29
5306,5,2.0,10400,25-29
5306,6,1.0,8350,30-34
5306,6,2.0,8450,30-34
5306,7,1.0,7770,35-39
5306,7,2.0,8280,35-39
5306,8,1.0,6740,40-44
5306,8,2.0,5850,40-44
5306,9,1.0,5200,45-49
5306,9,2.0,5260,45-49
5306,10,1.0,4180,50-54
5306,10,2.0,4230,50-54
5306,11,1.0,3500,55-59
5306,11,2.0,3380,55-59
5306,12,1.0,2830,60-64
5306,12,2.0,2730,60-64
5306,13,1.0,1430,65-69
5306,13,2.0,1280,65-69
5306,14,1.0,990,70-74
5306,14,2.0,900,70-74
5306,15,1.0,490,75-79
5306,15,2.0,590,75-79
5306,16,1.0,680,80+
5306,16,2.0,780,80+
5307,0,1.0,11610,0-4
5307,0,2.0,10930,0-4
5307,1,1.0,9960,5-9
5307,1,2.0,11050,5-9
5307,2,1.0,11090,10-14
5307,2,2.0,10880,10-14
5307,3,1.0,10590,15-19
5307,3,2.0,11410,15-19
5307,4,1.0,7400,20-24
5307,4,2.0,8120,20-24
5307,5,1.0,7000,25-29
5307,5,2.0,7600,25-29
5307,6,1.0,5640,30-34
5307,6,2.0,5450,30-34
5307,7,1.0,4320,35-39
5307,7,2.0,4630,35-39
5307,8,1.0,4090,40-44
5307,8,2.0,3700,40-44
5307,9,1.0,2830,45-49
5307,9,2.0,3260,45-49
5307,10,1.0,2350,50-54
5307,10,2.0,2810,50-54
5307,11,1.0,2100,55-59
5307,11,2.0,2470,55-59
5307,12,1.0,1770,60-64
5307,12,2.0,1710,60-64
5307,13,1.0,970,65-69
5307,13,2.0,960,65-69
5307,14,1.0,480,70-74
5307,14,2.0,520,70-74
5307,15,1.0,340,75-79
5307,15,2.0,300,75-79
5307,16,1.0,280,80+
5307,16,2.0,380,80+
6101,0,1.0,20450,0-4
6101,0,2.0,20920,0-4
6101,1,1.0,19880,5-9
6101,1,2.0,19750,5-9
6101,2,1.0,16300,10-14
6101,2,2.0,15060,10-14
6101,3,1.0,12500,15-19
6101,3,2.0,13770,15-19
6101,4,1.0,8800,20-24
6101,4,2.0,11020,20-24
6101,5,1.0,5940,25-29
6101,5,2.0,7740,25-29
6101,6,1.0,4030,30-34
6101,6,2.0,5210,30-34
6101,7,1.0,4060,35-39
6101,7,2.0,4860,35-39
6101,8,1.0,2950,40-44
6101,8,2.0,3640,40-44
6101,9,1.0,2730,45-49
6101,9,2.0,3280,45-49
6101,10,1.0,2010,50-54
6101,10,2.0,2890,50-54
6101,11,1.0,1490,55-59
6101,11,2.0,1840,55-59
6101,12,1.0,1620,60-64
6101,12,2.0,1660,60-64
6101,13,1.0,980,65-69
6101,13,2.0,1320,65-69
6101,14,1.0,680,70-74
6101,14,2.0,750,70-74
6101,15,1.0,470,75-79
6101,15,2.0,510,75-79
6101,16,1.0,860,80+
6101,16,2.0,790,80+
6102,0,1.0,23870,0-4
6102,0,2.0,24180,0-4
6102,1,1.0,21790,5-9
6102,1,2.0,20360,5-9
6102,2,1.0,16450,10-14
6102,2,2.0,15390,10-14
6102,3,1.0,12350,15-19
6102,3,2.0,14710,15-19
6102,4,1.0,8750,20-24
6102,4,2.0,12030,20-24
6102,5,1.0,7260,25-29
6102,5,2.0,8470,25-29
6102,6,1.0,5210,30-34
6102,6,2.0,6030,30-34
6102,7,1.0,4300,35-39
6102,7,2.0,5250,35-39
6102,8,1.0,3940,40-44
6102,8,2.0,4520,40-44
6102,9,1.0,3070,45-49
6102,9,2.0,3250,45-49
6102,10,1.0,2500,50-54
6102,10,2.0,2930,50-54
6102,11,1.0,1970,55-59
6102,11,2.0,1690,55-59
6102,12,1.0,2090,60-64
6102,12,2.0,1520,60-64
6102,13,1.0,880,65-69
6102,13,2.0,940,65-69
6102,14,1.0,680,70-74
6102,14,2.0,850,70-74
6102,15,1.0,350,75-79
6102,15,2.0,290,75-79
6102,16,1.0,640,80+
6102,16,2.0,800,80+
6103,0,1.0,14320,0-4
6103,0,2.0,15350,0-4
6103,1,1.0,13790,5-9
6103,1,2.0,15250,5-9
6103,2,1.0,11060,10-14
6103,2,2.0,10530,10-14
6103,3,1.0,7900,15-19
6103,3,2.0,8310,15-19
6103,4,1.0,5350,20-24
6103,4,2.0,7890,20-24
6103,5,1.0,4110,25-29
6103,5,2.0,5650,25-29
6103,6,1.0,2910,30-34
6103,6,2.0,4220,30-34
6103,7,1.0,2610,35-39
6103,7,2.0,3300,35-39
6103,8,1.0,2260,40-44
6103,8,2.0,2610,40-44
6103,9,1.0,1950,45-49
6103,9,2.0,2260,45-49
6103,10,1.0,1690,50-54
6103,10,2.0,1930,50-54
6103,11,1.0,1060,55-59
6103,11,2.0,1150,55-59
6103,12,1.0,1290,60-64
6103,12,2.0,1100,60-64
6103,13,1.0,920,65-69
6103,13,2.0,810,65-69
6103,14,1.0,530,70-74
6103,14,2.0,690,70-74
6103,15,1.0,410,75-79
6103,15,2.0,510,75-79
6103,16,1.0,590,80+
6103,16,2.0,490,80+
6104,0,1.0,13460,0-4
6104,0,2.0,13590,0-4
6104,1,1.0,13320,5-9
6104,1,2.0,13500,5-9
6104,2,1.0,11010,10-14
6104,2,2.0,9760,10-14
6104,3,1.0,7960,15-19
6104,3,2.0,8860,15-19
6104,4,1.0,5510,20-24
6104,4,2.0,7250,20-24
6104,5,1.0,3950,25-29
6104,5,2.0,5970,25-29
6104,6,1.0,2900,30-34
6104,6,2.0,4130,30-34
6104,7,1.0,2570,35-39
6104,7,2.0,3200,35-39
6104,8,1.0,2030,40-44
6104,8,2.0,2470,40-44
6104,9,1.0,1960,45-49
6104,9,2.0,2350,45-49
6104,10,1.0,1400,50-54
6104,10,2.0,1800,50-54
6104,11,1.0,1030,55-59
6104,11,2.0,1340,55-59
6104,12,1.0,910,60-64
6104,12,2.0,1180,60-64
6104,13,1.0,760,65-69
6104,13,2.0,680,65-69
6104,14,1.0,520,70-74
6104,14,2.0,620,70-74
6104,15,1.0,320,75-79
6104,15,2.0,360,75-79
6104,16,1.0,360,80+
6104,16,2.0,590,80+
6105,0,1.0,14610,0-4
6105,0,2.0,13970,0-4
6105,1,1.0,13560,5-9
6105,1,2.0,13370,5-9
6105,2,1.0,10870,10-14
6105,2,2.0,9420,10-14
6105,3,1.0,7740,15-19
6105,3,2.0,9100,15-19
6105,4,1.0,5360,20-24
6105,4,2.0,6210,20-24
6105,5,1.0,3710,25-29
6105,5,2.0,5510,25-29
6105,6,1.0,2930,30-34
6105,6,2.0,3810,30-34
6105,7,1.0,2520,35-39
6105,7,2.0,2770,35-39
6105,8,1.0,1840,40-44
6105,8,2.0,2430,40-44
6105,9,1.0,2000,45-49
6105,9,2.0,1960,45-49
6105,10,1.0,1250,50-54
6105,10,2.0,1570,50-54
6105,11,1.0,1070,55-59
6105,11,2.0,930,55-59
6105,12,1.0,1170,60-64
6105,12,2.0,1110,60-64
6105,13,1.0,620,65-69
6105,13,2.0,610,65-69
6105,14,1.0,500,70-74
6105,14,2.0,650,70-74
6105,15,1.0,280,75-79
6105,15,2.0,370,75-79
6105,16,1.0,520,80+
6105,16,2.0,520,80+
6201,0,1.0,23380,0-4
6201,0,2.0,22450,0-4
6201,1,1.0,21360,5-9
6201,1,2.0,20040,5-9
6201,2,1.0,18690,10-14
6201,2,2.0,17560,10-14
6201,3,1.0,14530,15-19
6201,3,2.0,16760,15-19
6201,4,1.0,10090,20-24
6201,4,2.0,12880,20-24
6201,5,1.0,7600,25-29
6201,5,2.0,9530,25-29
6201,6,1.0,5540,30-34
6201,6,2.0,6920,30-34
6201,7,1.0,4810,35-39
6201,7,2.0,5660,35-39
6201,8,1.0,4440,40-44
6201,8,2.0,5150,40-44
6201,9,1.0,3420,45-49
6201,9,2.0,3800,45-49
6201,10,1.0,3050,50-54
6201,10,2.0,2870,50-54
6201,11,1.0,2280,55-59
6201,11,2.0,2190,55-59
6201,12,1.0,2130,60-64
6201,12,2.0,2010,60-64
6201,13,1.0,1150,65-69
6201,13,2.0,940,65-69
6201,14,1.0,640,70-74
6201,14,2.0,980,70-74
6201,15,1.0,500,75-79
6201,15,2.0,570,75-79
6201,16,1.0,830,80+
6201,16,2.0,930,80+
6202,0,1.0,17240,0-4
6202,0,2.0,16600,0-4
6202,1,1.0,16840,5-9
6202,1,2.0,15470,5-9
6202,2,1.0,13540,10-14
6202,2,2.0,12340,10-14
6202,3,1.0,11440,15-19
6202,3,2.0,13710,15-19
6202,4,1.0,9200,20-24
6202,4,2.0,10350,20-24
6202,5,1.0,8000,25-29
6202,5,2.0,9390,25-29
6202,6,1.0,6720,30-34
6202,6,2.0,7110,30-34
6202,7,1.0,4980,35-39
6202,7,2.0,5040,35-39
6202,8,1.0,4320,40-44
6202,8,2.0,3740,40-44
6202,9,1.0,3230,45-49
6202,9,2.0,3000,45-49
6202,10,1.0,2780,50-54
6202,10,2.0,2420,50-54
6202,11,1.0,1790,55-59
6202,11,2.0,1360,55-59
6202,12,1.0,1790,60-64
6202,12,2.0,1520,60-64
6202,13,1.0,730,65-69
6202,13,2.0,570,65-69
6202,14,1.0,710,70-74
6202,14,2.0,540,70-74
6202,15,1.0,270,75-79
6202,15,2.0,240,75-79
6202,16,1.0,450,80+
6202,16,2.0,460,80+
6203,0,1.0,26310,0-4
6203,0,2.0,26980,0-4
6203,1,1.0,25250,5-9
6203,1,2.0,24390,5-9
6203,2,1.0,23850,10-14
6203,2,2.0,22540,10-14
6203,3,1.0,20660,15-19
6203,3,2.0,22540,15-19
6203,4,1.0,14930,20-24
6203,4,2.0,17530,20-24
6203,5,1.0,12370,25-29
6203,5,2.0,14300,25-29
6203,6,1.0,10410,30-34
6203,6,2.0,10820,30-34
6203,7,1.0,8140,35-39
6203,7,2.0,8370,35-39
6203,8,1.0,7300,40-44
6203,8,2.0,7540,40-44
6203,9,1.0,5340,45-49
6203,9,2.0,5710,45-49
6203,10,1.0,4710,50-54
6203,10,2.0,4920,50-54
6203,11,1.0,3420,55-59
6203,11,2.0,3460,55-59
6203,12,1.0,2920,60-64
6203,12,2.0,2930,60-64
6203,13,1.0,1740,65-69
6203,13,2.0,1710,65-69
6203,14,1.0,1140,70-74
6203,14,2.0,1310,70-74
6203,15,1.0,530,75-79
6203,15,2.0,550,75-79
6203,16,1.0,720,80+
6203,16,2.0,770,80+
6301,0,1.0,36630,0-4
6301,0,2.0,38550,0-4
6301,1,1.0,37830,5-9
6301,1,2.0,37640,5-9
6301,2,1.0,29410,10-14
6301,2,2.0,27930,10-14
6301,3,1.0,20690,15-19
6301,3,2.0,23380,15-19
6301,4,1.0,13290,20-24
6301,4,2.0,16640,20-24
6301,5,1.0,11310,25-29
6301,5,2.0,14930,25-29
6301,6,1.0,8610,30-34
6301,6,2.0,11550,30-34
6301,7,1.0,7590,35-39
6301,7,2.0,9180,35-39
6301,8,1.0,7150,40-44
6301,8,2.0,7300,40-44
6301,9,1.0,4960,45-49
6301,9,2.0,4900,45-49
6301,10,1.0,4340,50-54
6301,10,2.0,4260,50-54
6301,11,1.0,2960,55-59
6301,11,2.0,2320,55-59
6301,12,1.0,2730,60-64
6301,12,2.0,2520,60-64
6301,13,1.0,1610,65-69
6301,13,2.0,1210,65-69
6301,14,1.0,1300,70-74
6301,14,2.0,1210,70-74
6301,15,1.0,560,75-79
6301,15,2.0,550,75-79
6301,16,1.0,1250,80+
6301,16,2.0,1370,80+
6302,0,1.0,5430,0-4
6302,0,2.0,5750,0-4
6302,1,1.0,6240,5-9
6302,1,2.0,6280,5-9
6302,2,1.0,5010,10-14
6302,2,2.0,4940,10-14
6302,3,1.0,3530,15-19
6302,3,2.0,4250,15-19
6302,4,1.0,2380,20-24
6302,4,2.0,3140,20-24
6302,5,1.0,2620,25-29
6302,5,2.0,3050,25-29
6302,6,1.0,2270,30-34
6302,6,2.0,2280,30-34
6302,7,1.0,2080,35-39
6302,7,2.0,2100,35-39
6302,8,1.0,1620,40-44
6302,8,2.0,1540,40-44
6302,9,1.0,1180,45-49
6302,9,2.0,980,45-49
6302,10,1.0,1110,50-54
6302,10,2.0,840,50-54
6302,11,1.0,670,55-59
6302,11,2.0,580,55-59
6302,12,1.0,610,60-64
6302,12,2.0,640,60-64
6302,13,1.0,470,65-69
6302,13,2.0,300,65-69
6302,14,1.0,310,70-74
6302,14,2.0,260,70-74
6302,15,1.0,140,75-79
6302,15,2.0,130,75-79
6302,16,1.0,230,80+
6302,16,2.0,260,80+
6303,0,1.0,3480,0-4
6303,0,2.0,3390,0-4
6303,1,1.0,3660,5-9
6303,1,2.0,3540,5-9
6303,2,1.0,2940,10-14
6303,2,2.0,2660,10-14
6303,3,1.0,2250,15-19
6303,3,2.0,3070,15-19
6303,4,1.0,1780,20-24
6303,4,2.0,2220,20-24
6303,5,1.0,1590,25-29
6303,5,2.0,1860,25-29
6303,6,1.0,1260,30-34
6303,6,2.0,1500,30-34
6303,7,1.0,1100,35-39
6303,7,2.0,1280,35-39
6303,8,1.0,1180,40-44
6303,8,2.0,920,40-44
6303,9,1.0,730,45-49
6303,9,2.0,610,45-49
6303,10,1.0,550,50-54
6303,10,2.0,520,50-54
6303,11,1.0,400,55-59
6303,11,2.0,280,55-59
6303,12,1.0,380,60-64
6303,12,2.0,270,60-64
6303,13,1.0,230,65-69
6303,13,2.0,160,65-69
6303,14,1.0,180,70-74
6303,14,2.0,120,70-74
6303,15,1.0,70,75-79
6303,15,2.0,50,75-79
6303,16,1.0,130,80+
6303,16,2.0,100,80+
6304,0,1.0,5300,0-4
6304,0,2.0,5590,0-4
6304,1,1.0,5630,5-9
6304,1,2.0,5200,5-9
6304,2,1.0,4550,10-14
6304,2,2.0,4200,10-14
6304,3,1.0,3610,15-19
6304,3,2.0,4460,15-19
6304,4,1.0,2490,20-24
6304,4,2.0,2940,20-24
6304,5,1.0,2440,25-29
6304,5,2.0,2760,25-29
6304,6,1.0,2000,30-34
6304,6,2.0,1940,30-34
6304,7,1.0,1820,35-39
6304,7,2.0,1720,35-39
6304,8,1.0,1510,40-44
6304,8,2.0,1360,40-44
6304,9,1.0,1010,45-49
6304,9,2.0,870,45-49
6304,10,1.0,970,50-54
6304,10,2.0,880,50-54
6304,11,1.0,730,55-59
6304,11,2.0,570,55-59
6304,12,1.0,590,60-64
6304,12,2.0,600,60-64
6304,13,1.0,370,65-69
6304,13,2.0,170,65-69
6304,14,1.0,230,70-74
6304,14,2.0,250,70-74
6304,15,1.0,120,75-79
6304,15,2.0,150,75-79
6304,16,1.0,180,80+
6304,16,2.0,230,80+
6305,0,1.0,25780,0-4
6305,0,2.0,26740,0-4
6305,1,1.0,28190,5-9
6305,1,2.0,26740,5-9
6305,2,1.0,22030,10-14
6305,2,2.0,21800,10-14
6305,3,1.0,15860,15-19
6305,3,2.0,18630,15-19
6305,4,1.0,11590,20-24
6305,4,2.0,13070,20-24
6305,5,1.0,9360,25-29
6305,5,2.0,12230,25-29
6305,6,1.0,8020,30-34
6305,6,2.0,8600,30-34
6305,7,1.0,6730,35-39
6305,7,2.0,7210,35-39
6305,8,1.0,6240,40-44
6305,8,2.0,5890,40-44
6305,9,1.0,4400,45-49
6305,9,2.0,4140,45-49
6305,10,1.0,3900,50-54
6305,10,2.0,3250,50-54
6305,11,1.0,2570,55-59
6305,11,2.0,2230,55-59
6305,12,1.0,2130,60-64
6305,12,2.0,1910,60-64
6305,13,1.0,1210,65-69
6305,13,2.0,990,65-69
6305,14,1.0,1050,70-74
6305,14,2.0,1040,70-74
6305,15,1.0,530,75-79
6305,15,2.0,340,75-79
6305,16,1.0,760,80+
6305,16,2.0,670,80+
6306,0,1.0,16850,0-4
6306,0,2.0,18270,0-4
6306,1,1.0,18350,5-9
6306,1,2.0,17840,5-9
6306,2,1.0,16050,10-14
6306,2,2.0,15340,10-14
6306,3,1.0,11820,15-19
6306,3,2.0,14170,15-19
6306,4,1.0,7950,20-24
6306,4,2.0,10400,20-24
6306,5,1.0,6710,25-29
6306,5,2.0,8520,25-29
6306,6,1.0,6010,30-34
6306,6,2.0,6770,30-34
6306,7,1.0,4780,35-39
6306,7,2.0,5160,35-39
6306,8,1.0,4350,40-44
6306,8,2.0,4440,40-44
6306,9,1.0,3370,45-49
6306,9,2.0,3130,45-49
6306,10,1.0,2810,50-54
6306,10,2.0,2380,50-54
6306,11,1.0,1750,55-59
6306,11,2.0,1410,55-59
6306,12,1.0,1640,60-64
6306,12,2.0,1300,60-64
6306,13,1.0,720,65-69
6306,13,2.0,570,65-69
6306,14,1.0,740,70-74
6306,14,2.0,710,70-74
6306,15,1.0,310,75-79
6306,15,2.0,300,75-79
6306,16,1.0,340,80+
6306,16,2.0,600,80+
6307,0,1.0,11680,0-4
6307,0,2.0,11660,0-4
6307,1,1.0,11640,5-9
6307,1,2.0,11660,5-9
6307,2,1.0,9370,10-14
6307,2,2.0,8810,10-14
6307,3,1.0,7610,15-19
6307,3,2.0,9220,15-19
6307,4,1.0,5610,20-24
6307,4,2.0,7220,20-24
6307,5,1.0,5810,25-29
6307,5,2.0,6960,25-29
6307,6,1.0,5310,30-34
6307,6,2.0,5080,30-34
6307,7,1.0,4810,35-39
6307,7,2.0,4490,35-39
6307,8,1.0,4430,40-44
6307,8,2.0,3150,40-44
6307,9,1.0,2870,45-49
6307,9,2.0,2230,45-49
6307,10,1.0,2230,50-54
6307,10,2.0,1660,50-54
6307,11,1.0,1200,55-59
6307,11,2.0,930,55-59
6307,12,1.0,1220,60-64
6307,12,2.0,850,60-64
6307,13,1.0,580,65-69
6307,13,2.0,370,65-69
6307,14,1.0,500,70-74
6307,14,2.0,360,70-74
6307,15,1.0,180,75-79
6307,15,2.0,240,75-79
6307,16,1.0,410,80+
6307,16,2.0,300,80+
6308,0,1.0,9110,0-4
6308,0,2.0,9660,0-4
6308,1,1.0,10050,5-9
6308,1,2.0,9750,5-9
6308,2,1.0,10080,10-14
6308,2,2.0,11190,10-14
6308,3,1.0,10210,15-19
6308,3,2.0,12740,15-19
6308,4,1.0,9000,20-24
6308,4,2.0,10470,20-24
6308,5,1.0,7330,25-29
6308,5,2.0,8580,25-29
6308,6,1.0,5510,30-34
6308,6,2.0,6470,30-34
6308,7,1.0,4840,35-39
6308,7,2.0,5600,35-39
6308,8,1.0,4350,40-44
6308,8,2.0,4200,40-44
6308,9,1.0,2870,45-49
6308,9,2.0,3450,45-49
6308,10,1.0,2670,50-54
6308,10,2.0,2750,50-54
6308,11,1.0,1790,55-59
6308,11,2.0,2260,55-59
6308,12,1.0,1640,60-64
6308,12,2.0,1720,60-64
6308,13,1.0,950,65-69
6308,13,2.0,1060,65-69
6308,14,1.0,640,70-74
6308,14,2.0,830,70-74
6308,15,1.0,210,75-79
6308,15,2.0,430,75-79
6308,16,1.0,340,80+
6308,16,2.0,330,80+
6309,0,1.0,28500,0-4
6309,0,2.0,29500,0-4
6309,1,1.0,30360,5-9
6309,1,2.0,28760,5-9
6309,2,1.0,27950,10-14
6309,2,2.0,27310,10-14
6309,3,1.0,21230,15-19
6309,3,2.0,23390,15-19
6309,4,1.0,15870,20-24
6309,4,2.0,18530,20-24
6309,5,1.0,13210,25-29
6309,5,2.0,14590,25-29
6309,6,1.0,10270,30-34
6309,6,2.0,10800,30-34
6309,7,1.0,8170,35-39
6309,7,2.0,8630,35-39
6309,8,1.0,6980,40-44
6309,8,2.0,6860,40-44
6309,9,1.0,5510,45-49
6309,9,2.0,5470,45-49
6309,10,1.0,4820,50-54
6309,10,2.0,4510,50-54
6309,11,1.0,3280,55-59
6309,11,2.0,2790,55-59
6309,12,1.0,3050,60-64
6309,12,2.0,2630,60-64
6309,13,1.0,1500,65-69
6309,13,2.0,1390,65-69
6309,14,1.0,1310,70-74
6309,14,2.0,1190,70-74
6309,15,1.0,730,75-79
6309,15,2.0,510,75-79
6309,16,1.0,960,80+
6309,16,2.0,1120,80+
6401,0,1.0,8140,0-4
6401,0,2.0,8220,0-4
6401,1,1.0,8980,5-9
6401,1,2.0,8950,5-9
6401,2,1.0,8570,10-14
6401,2,2.0,7950,10-14
6401,3,1.0,7310,15-19
6401,3,2.0,8350,15-19
6401,4,1.0,5130,20-24
6401,4,2.0,6190,20-24
6401,5,1.0,5000,25-29
6401,5,2.0,5910,25-29
6401,6,1.0,3880,30-34
6401,6,2.0,3960,30-34
6401,7,1.0,3050,35-39
6401,7,2.0,3590,35-39
6401,8,1.0,3290,40-44
6401,8,2.0,2290,40-44
6401,9,1.0,1980,45-49
6401,9,2.0,1950,45-49
6401,10,1.0,1530,50-54
6401,10,2.0,1490,50-54
6401,11,1.0,950,55-59
6401,11,2.0,680,55-59
6401,12,1.0,1020,60-64
6401,12,2.0,620,60-64
6401,13,1.0,610,65-69
6401,13,2.0,520,65-69
6401,14,1.0,450,70-74
6401,14,2.0,350,70-74
6401,15,1.0,230,75-79
6401,15,2.0,170,75-79
6401,16,1.0,400,80+
6401,16,2.0,270,80+
6402,0,1.0,9790,0-4
6402,0,2.0,10460,0-4
6402,1,1.0,11990,5-9
6402,1,2.0,11640,5-9
6402,2,1.0,10580,10-14
6402,2,2.0,9730,10-14
6402,3,1.0,8940,15-19
6402,3,2.0,10160,15-19
6402,4,1.0,6300,20-24
6402,4,2.0,7310,20-24
6402,5,1.0,6160,25-29
6402,5,2.0,6720,25-29
6402,6,1.0,4820,30-34
6402,6,2.0,5060,30-34
6402,7,1.0,4090,35-39
6402,7,2.0,4340,35-39
6402,8,1.0,3310,40-44
6402,8,2.0,3030,40-44
6402,9,1.0,2910,45-49
6402,9,2.0,2360,45-49
6402,10,1.0,2100,50-54
6402,10,2.0,1740,50-54
6402,11,1.0,1160,55-59
6402,11,2.0,1020,55-59
6402,12,1.0,1510,60-64
6402,12,2.0,1230,60-64
6402,13,1.0,600,65-69
6402,13,2.0,430,65-69
6402,14,1.0,470,70-74
6402,14,2.0,430,70-74
6402,15,1.0,140,75-79
6402,15,2.0,170,75-79
6402,16,1.0,370,80+
6402,16,2.0,410,80+
6403,0,1.0,8710,0-4
6403,0,2.0,8210,0-4
6403,1,1.0,8870,5-9
6403,1,2.0,7960,5-9
6403,2,1.0,7810,10-14
6403,2,2.0,7170,10-14
6403,3,1.0,6100,15-19
6403,3,2.0,6940,15-19
6403,4,1.0,4020,20-24
6403,4,2.0,5130,20-24
6403,5,1.0,3630,25-29
6403,5,2.0,4800,25-29
6403,6,1.0,2900,30-34
6403,6,2.0,3330,30-34
6403,7,1.0,2410,35-39
6403,7,2.0,2890,35-39
6403,8,1.0,2540,40-44
6403,8,2.0,2240,40-44
6403,9,1.0,1680,45-49
6403,9,2.0,1610,45-49
6403,10,1.0,1520,50-54
6403,10,2.0,1070,50-54
6403,11,1.0,970,55-59
6403,11,2.0,630,55-59
6403,12,1.0,790,60-64
6403,12,2.0,630,60-64
6403,13,1.0,490,65-69
6403,13,2.0,210,65-69
6403,14,1.0,190,70-74
6403,14,2.0,200,70-74
6403,15,1.0,160,75-79
6403,15,2.0,80,75-79
6403,16,1.0,210,80+
6403,16,2.0,280,80+
6404,0,1.0,11830,0-4
6404,0,2.0,12130,0-4
6404,1,1.0,11180,5-9
6404,1,2.0,11770,5-9
6404,2,1.0,10100,10-14
6404,2,2.0,9730,10-14
6404,3,1.0,9310,15-19
6404,3,2.0,10530,15-19
6404,4,1.0,6540,20-24
6404,4,2.0,7180,20-24
6404,5,1.0,6050,25-29
6404,5,2.0,6890,25-29
6404,6,1.0,4860,30-34
6404,6,2.0,4910,30-34
6404,7,1.0,4040,35-39
6404,7,2.0,3940,35-39
6404,8,1.0,3410,40-44
6404,8,2.0,2930,40-44
6404,9,1.0,2620,45-49
6404,9,2.0,2510,45-49
6404,10,1.0,1900,50-54
6404,10,2.0,1770,50-54
6404,11,1.0,1630,55-59
6404,11,2.0,1510,55-59
6404,12,1.0,1270,60-64
6404,12,2.0,1160,60-64
6404,13,1.0,730,65-69
6404,13,2.0,550,65-69
6404,14,1.0,380,70-74
6404,14,2.0,360,70-74
6404,15,1.0,230,75-79
6404,15,2.0,220,75-79
6404,16,1.0,260,80+
6404,16,2.0,330,80+
6405,0,1.0,9120,0-4
6405,0,2.0,9750,0-4
6405,1,1.0,9920,5-9
6405,1,2.0,10420,5-9
6405,2,1.0,9680,10-14
6405,2,2.0,9510,10-14
6405,3,1.0,9060,15-19
6405,3,2.0,10620,15-19
6405,4,1.0,6580,20-24
6405,4,2.0,7530,20-24
6405,5,1.0,5870,25-29
6405,5,2.0,7040,25-29
6405,6,1.0,5180,30-34
6405,6,2.0,5150,30-34
6405,7,1.0,4230,35-39
6405,7,2.0,4460,35-39
6405,8,1.0,3470,40-44
6405,8,2.0,3380,40-44
6405,9,1.0,3080,45-49
6405,9,2.0,2480,45-49
6405,10,1.0,2110,50-54
6405,10,2.0,2000,50-54
6405,11,1.0,1510,55-59
6405,11,2.0,1460,55-59
6405,12,1.0,1380,60-64
6405,12,2.0,1250,60-64
6405,13,1.0,910,65-69
6405,13,2.0,750,65-69
6405,14,1.0,510,70-74
6405,14,2.0,510,70-74
6405,15,1.0,320,75-79
6405,15,2.0,200,75-79
6405,16,1.0,390,80+
6405,16,2.0,360,80+
